usr,lread,lwrite,scall,sread,swrite,fork,exec,rchar,wchar,runqsz,freemem,freeswap
90,6,2,1036,103,114,1.0,1.0,172076,355965,2.0,6527,1851864
88,1,0,2165,205,101,0.4,1.2,43107,44139,3.0,130,1131931
85,62,77,3806,258,166,1.4,1.4,492142,268706,5.2,256,1314590
79,42,55,3949,249,244,2.6,4.6,197289,529200,3.4,331,1013805
92,5,1,1692,132,87,0.4,1.8,220194,107031,2.2,2291,1010703
87,159,40,2443,299,262,1.0,1.0,240375,209450,2.8,536,1069565
86,1,0,3322,271,170,1.0,3.2,399277,128680,1.0,579,1120168
87,9,3,1626,106,100,1.2,1.2,261018,111663,1.0,615,1073621
93,11,2,1687,76,115,0.4,0.4,76103,93789,1.0,631,1068366
84,2,1,5402,406,274,0.2,0.2,22609,155154,2.5,152,1015040
92,6,2,2040,121,112,0.6,0.6,38688,60507,1.0,1201,1111232
0,172,113,1427,171,134,0.6,3.39,261636,103649,744.0,92,8
91,13,12,2859,459,215,0.6,2.0,652144,585464,3.2,220,1043795
83,24,32,419,41,27,2.0,2.0,91694,34919,1.2,3733,1819309
90,67,90,1850,131,61,1.2,2.2,40316,23559,1.3,694,1020261
88,15,5,1795,343,209,1.0,1.0,91247,93705,2.0,112,1527192
89,4,0,1969,209,200,2.4,0.8,131479,48942,1.3,1126,1053153
76,11,6,4515,185,165,3.79,4.99,85634,65019,4.4,890,1537031
92,5,4,1568,68,102,0.2,0.2,42053,30000,1.5,313,1016542
83,8,3,3942,702,244,1.0,0.8,463837,166875,6.6,159,1295243
90,2,0,457,48,37,2.0,2.0,65518,74456,1.0,6493,1851952
89,5,0,3300,395,219,2.0,0.8,133693,89066,4.8,2230,1555064
90,1,0,2596,211,195,0.2,0.2,299110,67609,2.8,266,1715549
96,1,1,963,90,62,0.6,0.6,91754,14319,2.2,3125,1707618
92,6,5,1860,128,103,0.6,0.8,118921,56765,2.2,238,982450
91,3,2,1710,131,122,0.6,1.0,68306,103547,3.2,493,1063110
87,5,0,4901,508,330,2.0,0.6,165967,155044,2.8,2560,1646453
83,13,8,4349,300,191,2.8,3.0,96009,70467,2.2,772,993909
73,622,543,5572,480,297,1.2,3.8,166930,128473,3.0,527,1061819
72,28,23,6465,408,177,4.2,5.0,454491,41075,2.8,437,999322
90,12,10,1783,102,78,1.4,0.8,118290,25482,3.2,512,989838
81,8,2,3309,503,365,4.17,2.78,827279,223918,2.0,747,1112439
96,2,1,253,22,24,0.8,0.8,34552,22677,1.2,7091,1846198
97,1,0,1276,29,31,0.6,4.2,47728,9473,2.2,4590,1829136
93,57,55,1123,107,79,0.2,0.2,20746,36718,1.4,941,972674
71,38,30,5991,289,193,5.8,6.0,401075,205417,2.3,213,1015771
67,26,2,5404,475,246,6.2,16.4,328399,196650,3.8,122,1091184
87,5,3,3786,167,149,1.2,1.2,172744,161033,1.0,700,986394
90,1,0,1816,155,99,0.8,1.0,44286,56277,1.0,1259,1048148
86,2,0,4228,206,186,1.8,0.6,84452,45749,2.2,600,1740986
96,2,1,986,73,54,0.2,0.2,5562,23881,2.3,217,1013784
91,0,0,255,32,32,0.2,0.2,1430,7410,1.6,1196,1767021
86,40,11,3402,283,202,2.8,4.2,225184,28672,1.0,1025,1092723
52,55,0,4652,302,223,16.17,36.93,180995,29681,1.0,187,1102798
88,14,4,1575,358,236,2.2,1.8,468846,173574,1.0,362,1070280
76,7,1,2319,207,94,0.6,1.2,1132227,33317,2.8,98,984424
89,2,1,2133,134,90,0.8,1.0,100812,83681,1.8,405,987278
94,1,0,1372,66,41,0.2,0.2,17950,17530,1.4,986,1066130
96,9,8,470,129,81,0.2,0.2,291365,51259,1.2,1302,1760490
80,32,26,3205,350,245,1.0,1.4,109372,69986,2.6,405,1315331
87,16,14,1363,121,82,0.8,0.6,321356,183286,3.2,753,1511563
97,0,0,183,38,21,0.2,0.2,255771,228527,2.8,3652,1819990
0,2,0,1240,87,83,0.4,0.6,21455,50048,679.0,93,7
91,13,3,1651,78,60,0.8,3.0,56684,21286,1.0,590,1032789
92,33,43,1613,161,110,0.2,0.2,11850,28651,1.0,253,1021384
76,9,1,3326,383,177,6.2,19.2,34844,28865,1.5,188,1103072
80,41,32,5200,185,121,2.79,7.19,59209,63458,2.4,209,1623562
99,2,1,174,11,24,0.2,0.2,10271,8797,1.0,6442,1871299
85,2,0,534,75,53,2.2,2.2,57506,28455,1.2,359,1813328
92,31,38,1145,143,124,3.19,1.0,81774,6003,1.6,7313,1860552
99,0,0,159,15,16,0.2,0.2,454,5323,1.0,7226,1859904
86,8,0,2956,409,371,3.6,3.0,254532,197621,2.8,5037,1672027
90,2,1,3735,279,143,0.4,1.0,387812,214397,4.0,3768,1333251
80,11,4,3794,340,304,4.0,2.2,174498,141499,1.2,466,1079363
82,56,62,1929,146,97,1.8,3.6,319479,97895,1.8,553,1085286
95,2,2,1424,133,101,0.2,0.2,210413,16994,2.0,342,979099
88,23,32,3355,234,111,1.2,3.0,155241,126756,5.4,4018,1606019
97,0,0,393,162,57,0.2,0.2,210929,207090,2.4,1323,1745669
76,17,9,1048,124,69,1.0,1.4,683931,188394,1.0,309,1051283
96,1,0,958,117,45,0.6,0.6,215753,27639,2.0,6280,1845344
79,7,0,3758,508,978,5.8,1.6,233257,87134,4.2,981,1705043
96,40,54,844,28,33,0.2,0.2,817,11451,2.0,4707,1727696
97,0,0,222,30,22,0.2,0.2,84896,5119,1.6,7302,1860350
86,4,0,2921,248,205,3.8,1.4,140416,21712,3.0,177,1437750
90,6,4,2573,189,118,0.6,0.6,107287,30575,1.4,1107,975696
79,30,13,3962,617,514,4.2,1.2,326797,265654,1.2,191,1082230
79,9,2,3750,280,226,1.2,4.0,194798,362338,2.8,402,984866
80,37,4,3499,388,117,4.19,5.99,288035,14367,4.2,766,1305325
88,60,71,2647,289,300,1.0,3.2,32797,37359,1.0,505,1101470
93,6,3,1005,63,60,0.2,0.2,134728,76858,2.2,1789,1525715
84,8,3,4100,391,383,1.2,1.6,259796,75883,2.8,2054,1551126
82,68,77,2774,217,152,3.61,6.21,180351,57275,2.7,324,1055946
91,132,105,2007,177,139,0.4,0.4,95309,82017,1.0,794,1008800
91,2,0,3099,180,116,0.2,0.2,526898,35032,2.2,198,1080638
95,4,3,1887,144,93,0.2,0.2,48118,58743,2.4,2097,1720363
90,0,0,2772,148,221,0.2,0.2,95025,96367,2.0,226,1708712
88,64,82,2442,456,192,1.2,0.8,584516,567421,2.0,555,1041030
95,0,0,1162,230,83,0.4,1.8,227587,216272,4.8,2576,1602462
0,81,45,1479,180,199,0.8,2.0,110797,88252,335.0,90,10
87,1,0,2361,286,183,0.2,0.2,154222,94948,1.5,132,993843
76,12,2,2763,366,256,6.2,4.8,310712,49538,1.8,498,1122262
87,3,1,2072,262,241,1.4,1.4,330763,387350,2.6,137,1374699
80,3,1,3662,256,187,1.8,3.79,360623,160015,3.2,159,989493
89,8,6,2336,206,90,0.4,1.0,136627,53677,5.4,2869,1584662
92,31,27,366,80,62,0.2,0.2,412220,287099,3.4,4179,1824024
85,7,2,4133,222,154,1.4,1.4,15783,9833,2.8,1297,1523251
95,9,9,383,122,43,0.2,0.2,361823,114595,2.0,1390,1745830
90,7,2,2128,183,166,0.8,2.2,89713,240084,3.2,406,1527165
72,18,1,5654,1130,1089,5.2,4.0,967478,900948,1.7,740,1055050
93,21,29,1670,28,49,0.2,0.2,19096,28284,2.4,124,1759971
95,7,2,1305,89,108,0.6,2.2,121604,89237,1.0,482,1065374
99,2,1,158,8,9,0.2,0.2,7007,3677,1.2,7739,1880280
75,14,8,5333,193,128,3.58,11.93,46335,36128,3.4,997,1530475
86,1,0,4748,256,168,0.8,3.0,11643,46726,1.3,726,1116712
72,33,28,5504,439,253,3.4,4.2,395654,70646,2.0,204,1134814
87,5,2,3841,194,189,0.8,1.99,12984,96970,2.0,436,1064942
99,1,1,458,21,17,0.2,0.2,8171,5971,1.0,8968,1872928
84,5,1,2481,219,153,1.4,3.0,276794,210452,3.8,449,1383576
85,0,0,964,94,50,0.2,0.2,307373,17623,2.0,666,1757760
89,15,12,1664,109,79,1.2,1.0,62620,31710,5.0,244,1059291
92,0,0,1657,43,29,0.2,0.2,9241,12063,2.0,1050,1762933
91,4,3,2938,148,127,0.6,3.4,18373,38276,2.0,376,994544
91,5,1,1965,207,125,0.4,1.0,193174,22877,3.8,172,1085874
81,7,0,2107,235,154,7.21,3.81,132739,29310,1.0,318,1022535
85,15,10,3781,346,168,2.4,3.21,307016,76305,5.2,155,1004704
81,18,11,4068,280,140,3.0,4.6,320517,55276,1.0,489,1014958
97,0,0,237,11,24,0.4,0.4,3108,58724,1.0,6855,1857699
63,45,0,3575,217,131,11.6,35.0,197409,41178,2.2,135,1091397
96,3,2,537,22,28,0.2,0.2,11166,12932,1.0,755,1036805
0,47,64,1364,432,273,0.6,0.6,965273,950976,52.0,75,25
91,21,20,1949,232,153,0.2,0.2,17171,29878,1.0,508,1070658
94,36,55,4085,156,137,0.2,0.2,8149,6247,2.2,794,1447821
96,0,0,367,62,43,0.4,0.6,38562,12342,1.2,710,1753534
97,1,0,443,54,25,0.2,0.2,31996,16345,3.0,132,1711738
72,53,71,4201,461,384,4.2,2.8,185684,64437,1.6,240,984506
91,1,1,600,158,41,0.6,1.0,476298,133721,3.0,6006,1835992
97,15,15,419,189,62,0.2,0.2,322341,310319,2.4,5333,1825789
96,2,1,542,89,65,0.4,0.4,2453,16876,2.2,667,1721728
91,2,1,1125,124,78,0.8,2.4,225895,24254,2.0,2190,1007462
81,14,3,3542,360,259,3.4,1.2,458811,147720,2.0,225,1077714
91,3,2,2656,162,110,1.2,2.0,110401,28047,2.0,542,1018144
87,17,2,2614,208,113,0.6,1.8,560315,22349,1.8,608,1103864
85,5,2,4313,364,218,0.6,0.6,195525,90675,1.6,170,1066182
91,0,0,1977,256,133,0.6,2.61,225802,37213,2.2,299,1105616
0,54,69,1720,143,105,0.8,1.2,175782,34995,594.0,88,12
95,1,0,2381,118,119,0.2,0.2,17002,111682,2.4,640,1645008
0,24,7,1248,173,105,0.8,2.59,308625,114117,181.0,87,13
92,51,71,1824,161,118,0.6,0.6,78411,94050,1.5,302,989306
91,41,61,956,101,82,1.6,4.6,49004,29774,6.0,573,1056264
89,14,12,4004,225,142,0.4,0.4,149008,89163,4.6,218,1337400
90,1,0,414,37,34,0.6,1.0,72460,10038,1.4,4024,1779862
89,29,6,2375,146,123,2.0,3.19,109539,39984,1.0,663,1018837
89,35,51,4033,193,155,0.2,0.2,53695,33261,1.5,1038,1081435
69,12,0,4951,579,495,9.4,4.4,329231,42171,2.2,984,1056850
86,1,0,2370,216,165,0.6,2.59,91492,123945,1.5,285,1102248
96,2,0,1567,133,137,0.2,0.2,41338,73068,2.0,6175,1727312
83,26,7,3681,262,137,1.6,3.4,202491,143767,6.2,164,1536462
73,18,0,5276,681,528,8.0,2.2,353135,151126,6.2,231,1544432
93,18,14,1405,97,75,0.8,0.8,281552,44324,3.4,613,1514861
95,0,0,1425,92,53,0.2,0.2,214550,15664,1.0,2191,1009408
97,0,0,182,16,30,0.2,0.2,10672,35469,1.0,2698,1771613
98,0,0,802,28,31,0.2,0.2,4235,54696,1.0,6799,1853384
93,0,0,1369,245,109,0.2,0.2,27830,389081,2.2,5713,1817542
89,48,68,3283,134,125,0.4,0.4,33832,23626,1.0,461,1129531
97,0,0,184,11,25,0.2,0.2,2065,10058,1.0,7733,1881032
81,2,1,2675,143,94,0.2,0.2,304215,19274,3.0,690,1757880
79,10,0,3003,447,383,9.0,2.8,273594,10059,3.4,8659,1865656
82,9,0,2079,316,256,4.41,3.01,158458,40402,2.2,550,1024770
93,4,0,973,130,120,0.8,4.0,56826,40037,2.2,2071,1732128
88,33,42,2995,183,140,0.4,0.4,41711,69821,1.0,598,1077210
84,116,52,1417,197,142,3.6,6.2,165098,108109,1.0,311,982754
89,8,0,1803,367,300,0.2,0.2,516137,229603,1.2,130,1044431
86,9,1,2783,391,223,2.0,3.99,561054,53145,2.8,2783,1732179
76,22,0,2209,254,166,4.8,4.2,145759,100835,2.6,150,1061107
92,4,0,2822,248,157,0.4,0.4,293231,118889,3.2,624,1083872
93,2,2,1447,134,115,0.4,0.4,9940,25644,3.2,1054,1130742
94,2,0,2040,230,91,0.2,0.2,65806,28087,3.4,3917,1715626
0,9,5,1879,318,195,1.2,0.8,1598065,1456441,216.0,89,11
81,37,20,4736,409,305,4.39,2.2,186131,124064,3.6,3551,1544251
72,10,1,3851,489,415,7.8,2.2,371419,94611,2.0,8226,1835470
0,6,3,1480,84,80,0.4,0.8,3808,46665,502.0,94,6
95,13,11,1092,85,46,0.6,3.0,23660,15429,2.2,4908,1673408
89,0,0,3197,108,72,0.2,0.2,6617,20668,1.8,1399,1753960
90,1,0,725,92,77,0.6,0.6,35358,12244,1.2,673,1760488
97,0,0,1431,44,55,0.2,0.2,12448,19666,1.0,566,1752792
86,4,0,2965,268,197,2.81,0.8,352731,28323,2.0,264,1068253
94,10,9,1339,81,74,1.0,0.6,13140,25936,1.8,150,1059384
79,13,9,1946,223,174,3.79,10.98,526411,33407,1.5,119,1103984
98,0,0,246,46,17,0.2,0.2,252455,4969,1.2,7290,1860126
79,28,36,2862,193,101,3.8,4.2,217700,62552,2.4,390,1767661
80,7,0,5339,364,240,1.4,1.4,671122,426880,6.2,1256,1337077
88,1,0,2967,188,134,0.6,0.6,155568,54454,3.8,802,1064942
78,30,24,1655,106,74,4.41,5.41,139219,47304,3.0,346,1015801
94,27,37,882,92,71,0.4,0.4,38612,31518,1.0,148,1011275
80,20,13,4257,403,298,3.01,3.21,236001,145168,2.5,2384,1094818
94,1,0,3017,136,112,0.2,0.2,59665,113330,2.4,434,1630134
79,19,14,3392,577,572,2.0,2.6,483123,507757,1.0,546,1059475
60,86,78,6870,484,356,8.2,15.0,344994,151519,5.4,512,1539402
90,5,2,2561,198,169,3.0,1.0,129015,29495,1.6,230,1750422
95,1,1,1693,143,147,0.2,0.2,20310,27719,1.5,521,1066154
0,26,23,2344,421,181,0.6,2.2,635411,590079,816.0,85,14
69,234,88,3259,483,287,6.39,17.17,1023657,222304,4.2,425,1088819
80,14,10,2275,312,228,3.21,1.2,565950,400919,3.4,3791,1041151
94,4,2,1817,240,71,0.2,0.2,21627,10457,2.0,2560,1701149
79,12,8,775,71,37,3.8,4.2,125517,40041,1.4,2613,1794333
91,2,0,2590,167,248,0.8,0.4,117072,179675,2.4,539,1759701
86,4,0,2139,192,76,2.8,4.0,254183,69772,1.8,218,1752714
82,44,56,3665,275,231,1.6,0.8,227554,39676,1.2,2016,966448
94,2,0,1368,136,75,0.2,0.2,51529,59177,1.2,698,1062493
97,1,1,960,51,40,0.2,0.2,108053,44913,1.4,6930,1879101
78,12,5,5935,356,199,1.4,0.8,173332,74812,5.2,315,1296418
0,9,6,1538,145,100,0.2,0.2,240721,48736,355.0,93,7
88,28,40,2957,261,164,0.2,0.2,201445,80840,4.4,167,1014187
97,0,0,1006,44,41,0.6,0.8,3325,8798,1.0,1377,1746506
91,4,0,2148,108,77,2.6,8.0,130916,26669,2.4,267,1751203
89,9,1,3357,149,145,1.0,1.2,122904,40944,5.2,3092,1538472
96,1,0,1132,32,30,0.2,0.2,5381,22916,3.2,172,1714160
91,0,0,765,81,62,0.2,0.2,34390,36627,1.2,1723,1771888
86,5,0,5291,298,214,0.8,1.0,250499,60387,1.0,654,995230
90,10,9,1548,137,95,0.6,0.6,30463,36164,2.0,676,980412
98,0,0,615,40,24,0.2,0.2,17074,9089,2.0,4592,1731704
88,0,0,770,204,56,0.2,0.2,1299349,304151,3.2,3516,1810597
91,10,6,2698,154,95,0.6,2.0,41837,23966,2.8,313,1111091
93,8,2,1116,81,91,1.2,1.4,59686,95337,2.2,1714,1538925
90,54,62,1101,104,81,1.8,1.6,241932,82941,2.8,262,1536664
0,81,111,1175,112,75,0.2,0.2,18837,37417,240.0,89,11
82,8,2,4089,280,160,2.79,2.79,227209,17217,3.4,1356,1443235
83,10,0,4261,527,266,1.8,3.0,330811,87989,6.2,2497,1338315
97,0,0,368,41,34,0.2,0.2,1460,13058,3.0,323,1711816
90,3,1,714,34,15,2.61,2.81,70079,17335,1.0,11420,1884933
91,10,7,1696,133,109,1.8,2.59,104247,20545,2.4,207,1063586
99,0,0,470,18,32,0.2,0.2,5392,7117,1.0,6938,1879152
76,43,48,5537,438,394,2.4,2.0,304814,237643,4.0,2487,1645728
86,8,7,4561,204,127,0.2,0.2,68904,64251,2.5,574,1004773
92,36,54,1470,182,142,0.2,0.2,16784,40472,1.5,648,1120458
84,16,3,5681,371,174,2.59,2.4,106232,22285,2.0,774,1075843
87,5,0,1184,110,41,4.8,4.8,134210,80919,3.6,1366,1756885
98,0,0,303,116,30,0.2,0.2,22296,10299,1.0,5245,1856600
87,7,2,2536,229,184,4.2,1.2,125918,20744,1.4,8331,1864683
92,37,52,2114,213,122,0.4,0.4,51742,61601,3.0,157,1102712
92,23,7,1277,149,121,1.2,1.8,22772,19460,2.8,670,977107
88,3,0,917,74,268,0.6,1.2,80639,66461,1.8,1718,1816878
92,3,0,598,32,29,4.4,3.0,69002,14794,1.2,7715,1880747
78,14,4,1954,130,114,6.19,17.76,80423,44906,3.0,148,1088251
78,6,1,4009,260,187,2.2,3.4,57483,172118,1.2,255,988248
89,6,1,1390,78,95,0.2,0.2,30162,17666,1.5,132,1055062
70,17,8,4051,662,579,6.4,4.0,565623,421622,1.2,756,1117955
88,20,7,1878,151,75,2.4,2.4,245550,72088,3.2,171,1635587
84,11,6,3739,243,172,0.6,0.8,112671,124393,2.5,1092,1022466
70,7,1,2492,255,123,1.8,1.6,1433061,37231,2.5,102,1091614
93,0,0,1939,108,92,0.2,0.2,11959,114457,3.2,545,1643384
80,8,6,3296,326,204,1.0,1.8,296167,47802,2.0,374,994989
85,55,84,5106,321,215,0.2,0.2,29564,40148,2.5,1119,981289
97,3,2,501,94,102,0.2,0.2,56336,70980,2.6,159,1712456
97,23,34,1857,103,88,0.2,0.2,3525,44989,2.4,3387,1657034
92,6,2,1456,106,64,0.6,2.2,110222,27276,1.0,356,1021286
83,49,63,3638,189,170,0.6,1.99,20954,238296,3.2,1215,1389978
93,0,0,1313,96,42,0.4,2.2,370096,44139,1.4,6675,1825160
92,22,33,1157,59,50,0.2,0.2,87024,13503,1.6,953,1760301
98,1,1,163,12,12,0.2,0.2,27322,15675,2.0,3598,1821480
93,2,1,2834,164,134,0.2,0.2,120572,50152,3.4,3404,1551894
78,74,100,4606,831,206,2.79,3.99,1379703,54436,1.0,425,1014860
93,14,21,616,65,60,0.4,1.2,4531,36791,3.4,992,1716653
90,12,11,1150,120,81,1.0,2.4,74466,22798,2.0,895,1016090
94,4,2,2764,146,145,0.2,0.2,5556,30468,1.6,553,977181
93,6,2,2361,121,78,0.4,0.4,196740,83650,3.0,2043,988526
86,22,4,1650,223,205,1.8,1.6,33024,29856,4.5,158,1058141
78,19,13,2317,340,164,5.6,17.2,946400,24496,3.0,705,1098512
92,9,6,1408,147,111,0.8,0.8,94565,20446,1.4,1994,969677
84,24,19,1059,67,56,3.79,4.19,72920,34992,3.2,635,1019530
81,9,4,4370,122,115,2.8,8.0,153788,121639,2.6,551,1536366
90,2,1,2080,124,97,0.8,5.39,40902,39442,1.0,172,1026095
88,29,38,397,45,14,2.2,2.2,82212,8322,1.4,11431,1877507
98,0,0,162,10,23,0.2,0.2,2817,12502,1.0,7385,1874944
98,1,1,188,10,26,0.2,0.2,3035,26836,1.0,9288,1865677
78,49,48,4918,402,238,2.39,3.98,202001,157198,3.0,169,1005745
91,41,56,1349,84,55,1.19,4.97,110507,21563,1.0,181,1018360
91,18,16,4364,331,233,0.4,2.0,149096,201763,3.4,3910,1340325
86,84,95,617,100,95,0.2,0.2,22235,94110,2.0,136,1752424
77,6,1,5226,473,353,4.2,1.2,148787,53090,5.0,233,1136888
93,4,1,2439,183,114,0.6,0.6,171077,108093,2.4,2113,1539048
87,38,28,3514,87,70,2.0,2.8,33738,46921,2.2,3372,1657336
96,21,27,227,25,26,0.2,0.2,7626,4544,1.0,7373,1862322
89,2,0,2612,226,119,0.4,1.2,166206,51370,4.8,7187,1406219
82,19,14,3750,288,141,1.8,3.6,236686,96856,1.5,557,1016558
88,24,21,1833,114,94,0.6,0.4,180856,37117,3.2,6754,1404261
92,7,2,1474,146,112,0.6,2.8,90868,28777,1.7,1005,1133701
64,42,9,6663,186,86,7.6,21.8,284749,160378,5.6,198,1538224
79,7,1,4102,396,179,2.2,6.19,1173991,69739,3.2,141,1079395
89,2,1,1803,238,58,0.8,2.0,544311,22882,2.6,6500,1823640
95,36,57,453,42,34,0.6,0.6,27437,19314,2.8,1019,1717410
0,121,92,2108,256,194,6.8,20.8,377607,105842,184.0,76,23
94,6,2,2029,93,83,0.6,0.6,93053,46509,5.0,363,1521069
77,78,78,3726,204,189,6.4,5.0,163664,109771,1.0,158,1072146
80,27,18,3714,220,99,2.8,7.0,460247,29730,3.7,265,1021035
83,3,1,3167,348,163,1.4,1.4,91118,37133,2.0,157,1099906
93,0,0,195,42,23,0.0,0.0,10043,15587,1.4,1387,1753355
91,4,0,2176,371,139,0.6,0.8,655593,48384,1.8,571,1063064
0,7,2,1251,129,91,0.6,0.8,100872,17439,134.0,93,7
94,3,1,1395,113,60,0.8,1.4,92509,18384,3.0,812,1067821
83,7,2,3244,182,137,1.0,5.8,130854,23562,5.6,217,1309640
88,127,51,1934,207,198,0.6,0.8,125735,166302,1.0,1015,1009613
94,1,0,1295,124,122,0.2,0.2,2544,19444,2.7,635,1101223
88,21,10,3862,239,266,2.4,2.4,111286,94229,7.2,343,1310246
77,8,0,3193,442,385,8.02,2.0,278616,17581,2.0,7216,1866756
83,3,0,3473,132,137,0.6,0.6,9715,26776,5.2,370,1021517
82,4,1,720,104,58,3.0,10.0,428343,242223,3.8,3709,1807547
98,0,0,156,9,17,0.2,0.2,2056,2898,1.0,6472,1871632
89,4,2,1819,118,223,0.2,0.2,111430,579085,1.8,1520,1041522
81,10,1,3579,745,751,3.0,3.0,619936,638238,2.2,636,1059296
97,0,0,750,76,69,0.2,0.2,49826,50394,1.0,572,1752952
93,4,0,1134,102,19,2.2,2.6,291175,13298,1.6,7226,1876670
0,14,7,1443,221,109,1.79,5.57,716801,563258,2390.0,84,16
91,36,47,345,26,20,1.8,1.8,51659,26403,1.2,8807,1871341
97,3,1,411,53,16,1.2,4.6,294255,7831,2.2,3741,1821334
89,1,0,5527,192,147,0.2,0.2,265066,88570,1.5,126,1010410
97,0,0,194,25,24,0.2,0.2,616,9071,1.0,1363,1761824
89,16,15,1984,157,90,1.4,3.41,57962,43602,2.3,1121,1084952
97,1,1,394,208,51,0.2,0.2,379080,332905,2.6,5746,1834560
90,12,1,3220,146,141,1.8,4.4,124696,61614,4.4,508,1445163
94,1,0,781,60,64,1.0,2.0,8478,16249,1.5,2160,1072765
97,17,25,226,27,31,0.2,0.2,94831,27476,1.0,7369,1874573
84,14,1,1923,403,314,1.8,4.0,522927,132931,3.4,514,1698622
70,14,8,3941,337,187,5.8,14.6,241200,167242,1.0,248,1103957
66,56,64,3893,332,238,1.4,1.6,536029,449132,3.0,150,1035609
96,17,26,247,23,35,0.2,0.2,89718,18693,1.2,7199,1874051
96,1,0,993,51,39,0.6,0.6,7421,6898,3.0,162,1709936
83,47,63,2769,338,192,1.59,0.99,850333,491906,4.2,3581,1031852
97,1,0,600,37,40,0.2,0.2,4767,19880,1.5,289,1018485
81,5,1,5492,267,175,1.0,1.39,249419,36634,1.0,548,1017288
85,80,101,1408,227,147,1.0,2.4,16443,20863,3.0,144,990772
92,18,27,2223,139,73,0.6,0.6,90472,59143,2.4,4710,1731314
91,1,0,2678,165,134,0.2,0.2,7384,66002,2.0,1834,1112656
84,7,0,1512,276,116,4.2,2.6,1313197,44146,6.0,338,1700651
58,164,18,4432,573,222,5.99,8.58,386448,38136,2.2,132,972691
74,10,1,5406,252,156,5.0,18.4,145463,50994,1.0,183,1022437
88,29,37,1786,175,175,1.8,1.0,64650,70255,2.0,629,1101022
0,17,14,1128,429,142,0.4,0.4,818219,590202,480.0,93,7
93,3,0,1234,205,115,0.4,2.2,123824,135757,2.4,263,1536757
91,4,3,1370,94,118,0.8,1.0,25625,99074,1.0,418,1113077
94,3,2,712,73,58,0.2,0.2,18641,64419,1.5,613,1016112
75,37,41,2235,172,114,6.2,20.0,95632,32410,2.3,159,1107842
92,17,4,1910,131,91,1.8,2.0,113894,28026,1.4,7696,1871554
70,6,2,2948,224,203,3.19,3.59,428831,387601,2.0,115,1082453
99,0,0,266,19,43,0.2,0.2,4582,15903,1.2,7293,1875112
80,12,8,1444,134,84,0.6,2.4,510385,191128,4.0,529,1512083
85,7,1,1071,50,60,6.2,9.6,27162,193369,1.8,6829,1852869
84,5,1,3741,852,265,0.4,0.4,377071,88331,1.0,121,1043038
96,1,0,382,57,51,0.2,0.2,8498,20401,3.6,1498,1717632
92,2,0,2727,167,149,0.8,1.0,748996,23904,2.8,257,1708933
98,1,1,235,19,25,0.2,0.2,7848,12733,1.0,7478,1873331
95,3,1,663,81,96,1.8,0.6,62398,53313,1.0,7348,1874123
89,1,0,2054,344,308,0.6,3.6,10011,57033,2.6,231,1696379
81,1,0,4123,257,213,0.2,1.0,607636,329374,5.2,311,1003229
91,3,2,743,111,64,0.6,1.2,529504,300696,2.6,3672,1811698
89,0,0,2273,73,68,0.2,0.2,2262,8296,2.0,4115,1776888
93,8,5,1028,134,141,1.0,0.6,39910,46082,5.0,548,973145
97,1,1,1597,100,92,0.6,0.6,6122,38458,1.0,362,1752271
73,4,1,1881,179,137,3.4,4.6,239378,64562,1.6,1793,952803
95,2,1,483,36,65,0.8,0.6,10690,12182,1.2,7716,1871514
88,3,0,1049,361,58,0.6,0.6,127562,12466,2.2,2165,1767824
84,3,0,3089,254,282,0.8,0.6,708020,413212,2.4,473,1644789
97,21,28,440,32,22,0.2,0.2,1015,10645,3.0,318,1711758
91,35,50,2068,111,82,0.6,0.6,184724,37429,2.4,219,1085546
91,3,1,2836,208,129,1.0,1.4,113354,27649,1.0,652,1064578
95,2,1,313,33,28,0.6,0.6,172272,26701,1.4,6748,1865980
84,3,2,6211,313,209,0.4,1.8,52583,211119,2.0,412,1013259
96,0,0,280,53,21,0.4,0.2,350133,31449,2.6,3629,1821069
87,3,1,751,105,27,2.4,2.0,209142,62416,1.4,6152,1848914
78,23,4,3124,386,348,7.62,5.81,303675,195796,3.0,152,1045831
91,3,0,652,28,18,2.4,2.6,66019,31317,1.0,8885,1871976
87,3,1,1039,237,123,1.2,1.6,493948,152437,1.2,3462,1741133
0,14,5,2150,332,247,2.6,0.8,432353,269208,395.0,81,19
90,3,0,3051,157,115,0.6,0.8,306491,69347,4.2,3108,1539470
85,11,1,3310,334,243,3.61,2.0,86931,55259,1.0,241,1059974
0,7,4,2073,275,102,0.4,1.2,509927,61318,245.0,75,25
91,45,61,1383,155,93,1.0,1.2,11530,33475,2.6,166,1059021
93,8,0,2505,197,113,2.4,2.4,282389,111390,4.4,190,1322947
87,5,0,1894,220,173,3.4,1.0,164014,22150,1.0,190,1026021
96,2,1,823,62,45,0.4,0.4,89883,10946,1.2,957,1746548
95,2,1,1962,109,81,0.6,0.4,362384,25518,1.4,1226,1058715
70,9,6,2956,229,131,2.0,2.0,1032179,232843,2.0,135,983981
77,10,1,1668,135,109,7.82,21.24,62480,37958,2.3,514,1084282
89,12,1,2687,132,162,1.6,2.2,101289,34127,1.5,452,1059963
96,2,1,534,110,50,1.0,0.4,450000,9302,1.6,6789,1840803
93,3,1,363,32,28,1.6,1.6,53787,31694,1.0,11943,1884942
78,5,1,5290,300,320,0.0,0.2,214690,646119,2.0,302,985582
92,1,0,1616,156,60,0.8,0.8,78137,43494,1.2,375,1753667
94,4,0,840,52,39,0.8,1.6,16329,16867,1.2,367,1014170
94,2,1,1922,108,60,0.6,0.4,302647,12972,1.6,1014,1743666
91,3,1,487,57,30,1.8,1.8,61441,17508,1.2,8318,1834110
87,5,0,2500,251,347,3.4,1.0,97385,28939,3.4,2016,1719568
89,3,1,3144,224,161,1.0,0.8,262412,28163,2.2,646,1054936
89,27,25,1365,61,45,1.4,1.6,23523,5039,2.0,3765,1774579
84,8,1,2455,358,328,6.4,1.8,187112,16175,3.2,6117,1852827
0,24,18,3457,401,226,1.0,0.8,137036,87730,222.0,84,16
97,1,1,194,15,23,0.2,0.2,585,16000,3.0,579,1710640
89,16,5,2225,154,149,3.2,1.0,97741,8806,1.0,4318,1823917
90,7,1,2041,114,70,1.8,1.8,213673,25915,1.8,242,1076898
95,3,1,860,141,69,0.8,0.8,146075,148050,4.0,828,1746520
78,28,19,2613,325,161,7.2,5.4,70661,96586,1.5,994,1007877
93,2,0,1975,207,156,0.4,1.6,7621,71396,1.7,188,1064462
91,7,3,1360,115,99,2.4,3.4,80145,22427,1.8,495,1046338
93,4,1,809,99,91,2.0,0.8,63513,61487,1.2,7583,1865490
97,2,1,254,22,17,0.4,1.6,92792,26468,2.0,3774,1821341
76,2,1,5919,314,357,1.2,1.2,262742,668483,2.0,283,980139
87,4,2,2129,169,184,1.2,2.6,220260,280690,5.0,1332,1613035
85,35,50,2797,323,269,0.2,0.2,192178,238685,3.0,2121,1046506
88,21,24,371,23,34,0.8,0.8,33625,42048,1.0,1957,1766228
82,8,1,4069,282,257,2.99,2.59,152071,227909,1.0,151,996252
96,1,1,295,34,34,0.8,0.8,104999,14568,2.2,4578,1846795
74,28,3,4965,359,201,7.6,8.2,516710,71332,5.4,364,1395704
96,1,1,694,30,35,0.6,1.0,7099,110246,1.2,6825,1849464
77,58,73,4483,795,436,1.4,2.8,124437,16244,3.8,373,1536698
98,0,0,200,31,21,0.2,0.2,21262,5539,1.0,6934,1845040
88,17,12,3647,405,211,0.4,0.6,143002,79976,3.0,151,999584
72,21,9,5903,165,114,3.2,10.4,70199,59637,4.6,6628,1409661
92,1,0,3516,251,138,0.2,0.2,219873,204131,3.6,4032,1344037
95,1,0,1222,67,113,0.4,0.4,12403,35778,1.0,387,1059570
91,4,2,2106,213,124,1.4,2.8,17914,23884,2.0,999,1128026
81,6,1,2214,308,213,3.61,5.01,918058,137988,1.0,281,1038023
86,49,64,2339,224,77,2.6,3.0,221330,25672,2.6,160,1107094
74,19,7,6892,355,202,2.2,8.8,172921,81519,4.2,943,1631170
87,21,12,2619,442,199,1.2,1.2,546478,130566,4.8,218,1540139
83,25,18,2182,499,165,1.2,2.6,929960,613173,2.6,240,1032798
92,4,0,943,132,122,2.4,0.8,64603,15178,2.0,7658,1879286
89,2,0,453,43,36,2.2,2.2,136424,57700,2.0,6264,1853056
0,2,0,1508,389,229,0.4,0.6,635277,571460,413.0,91,9
88,5,0,3971,326,209,1.8,0.8,416863,78149,6.4,311,1316141
94,2,0,1119,83,53,0.8,1.4,27734,18778,1.3,665,1064901
97,1,1,246,44,26,0.2,0.2,23591,9714,1.2,8312,1835272
84,1,0,3894,274,146,0.2,0.2,260849,109891,3.0,148,1029790
88,3,2,1721,202,219,2.0,2.0,44461,264825,2.2,757,1381216
97,1,0,304,33,19,0.8,3.2,65141,6647,2.0,606,1760822
60,26,13,6511,707,426,8.2,15.6,347219,141663,1.7,185,1092566
96,13,19,746,39,19,0.2,0.2,107834,10108,1.4,553,1752816
93,2,0,2037,159,120,0.4,0.4,133558,48781,3.8,432,1064513
97,1,0,1925,88,96,0.2,0.2,3715,12124,2.0,1414,1725048
98,2,1,200,14,17,0.4,0.4,790,7577,1.0,7314,1864000
68,27,18,3872,342,296,6.39,6.19,402584,268770,2.0,118,1004704
97,16,24,195,12,17,0.4,1.2,1216,10442,1.0,7917,1880896
92,1,0,302,57,24,0.2,0.2,253775,4639,1.8,489,1745791
80,3,0,862,78,209,2.0,2.6,267700,63938,2.8,2242,1796314
92,2,1,2454,77,73,0.2,0.2,112866,26523,2.6,301,983820
83,8,2,3907,359,271,4.8,1.4,164803,29992,2.6,288,1709192
95,0,0,801,217,165,0.2,0.2,144435,129531,2.2,2141,1763296
97,1,0,914,71,56,0.2,0.2,1297,13687,3.3,1511,1026047
80,4,1,2965,289,198,3.4,1.2,374749,14956,2.8,582,1758584
83,2,1,3440,219,187,0.6,0.6,163473,64164,1.8,735,1123065
87,39,48,3006,235,235,2.8,1.0,110395,14018,3.4,4526,1720122
95,1,0,1617,143,112,0.4,0.6,12219,3838,2.0,365,1382544
96,2,1,523,52,37,0.4,0.4,176128,68253,1.0,8054,1834821
98,2,1,193,15,14,0.2,0.2,6997,4123,1.0,7288,1860160
91,46,62,1299,155,138,2.0,1.4,56106,32993,1.5,2632,1017843
0,8,6,1168,129,88,0.8,0.6,135994,31885,133.0,94,6
89,0,0,2743,95,99,0.2,0.2,3089,5280,2.0,628,1755138
70,25,16,4669,463,327,2.2,1.8,330037,140092,11.0,146,1304138
98,2,1,210,25,32,0.2,0.2,11974,22876,1.2,6169,1855749
90,32,48,1404,116,87,0.2,0.2,15887,59172,3.7,154,1113450
96,13,21,1036,58,37,0.2,0.2,46946,7024,1.0,5663,1832568
91,27,39,2887,137,81,0.6,0.6,40273,39759,1.4,308,1749037
74,7,1,1950,180,97,5.99,6.19,397379,148245,1.6,365,1005349
87,1,0,5838,448,248,0.2,0.2,114398,54983,1.0,279,1070259
94,33,47,562,92,36,0.4,1.8,292680,26315,1.0,599,1034651
98,1,1,341,52,40,0.6,0.6,29813,24090,2.2,381,1716736
86,5,0,1998,292,242,4.2,1.2,132678,19310,3.0,634,1711210
97,1,0,397,159,60,0.6,0.4,61210,20054,1.2,6170,1857019
98,1,1,205,23,35,0.2,0.2,7434,8785,1.0,7263,1865264
86,4,1,769,95,96,0.4,0.4,183897,306485,4.0,182,1708040
91,40,55,2814,152,125,0.8,0.8,36577,47134,3.8,1048,1524160
90,83,81,2582,170,159,1.0,1.0,66580,202445,1.5,271,988688
98,1,0,311,58,35,0.2,0.2,1820,10295,1.0,1900,1771971
84,42,58,3615,229,134,1.0,1.2,20581,29381,2.2,168,1130147
94,2,0,1307,130,68,0.8,1.0,23161,18709,1.3,1940,1075173
91,10,10,1752,206,116,0.6,0.4,492823,51586,1.0,168,1102458
93,16,24,288,68,40,0.4,0.6,229547,216569,2.4,3570,1822072
86,1,0,388,76,51,0.2,0.2,325605,240758,2.8,143,1716574
82,33,23,2813,214,134,1.2,1.0,359038,138798,8.0,461,1317317
92,0,0,1945,140,120,0.2,0.2,55721,87368,1.2,317,1753784
85,2,0,2935,172,103,1.2,1.8,499502,171548,5.6,143,1017051
90,2,0,2055,239,173,0.8,0.8,106521,135119,2.8,419,1380114
95,0,0,239,44,33,0.2,0.2,248037,108579,1.0,5759,1856667
85,14,10,1344,118,74,1.6,2.6,321978,46937,1.0,1767,1069374
91,7,1,1650,160,126,0.4,0.4,33712,61936,2.0,430,1013798
82,3,0,3320,294,227,2.2,4.19,79618,108101,1.0,296,983580
81,30,15,2926,269,233,5.0,4.6,198456,55428,3.8,7949,1366403
91,0,0,216,14,20,0.2,0.2,452,5432,1.4,974,1761416
89,2,0,1687,66,57,1.8,3.8,145191,83587,1.6,762,1069069
76,8,0,3741,238,175,6.8,20.0,43717,46291,1.0,202,1091530
0,23,18,2996,257,265,1.4,1.6,170904,76164,212.0,81,19
97,1,1,241,18,24,0.2,0.2,7016,10288,1.4,7398,1865531
98,0,0,319,61,37,0.2,0.2,1695,5584,2.0,253,1707712
56,21,6,5456,485,304,11.4,11.0,390051,40479,1.0,530,982954
79,6,1,3959,659,573,3.0,1.4,569326,396615,2.0,427,1125595
95,1,1,2021,93,96,0.2,0.2,105905,9499,2.0,630,1718893
77,4,1,7225,252,310,1.4,1.4,164847,565690,2.3,299,1004424
81,5,1,2433,194,142,1.4,1.4,346692,122775,1.5,875,1055194
97,26,39,219,15,17,0.2,0.2,15074,10163,1.0,6879,1826264
77,20,9,5998,660,226,2.2,4.79,194430,88620,2.2,1115,1018756
92,3,1,802,52,65,1.2,3.2,56074,212985,1.2,6933,1852528
97,7,1,606,58,77,0.2,0.2,5240,61640,2.0,594,1059555
98,2,1,823,27,26,0.2,0.2,18803,20002,1.0,4624,1828408
95,2,1,457,39,27,0.4,0.4,7987,5076,2.2,1354,1713314
97,2,1,234,36,15,0.2,0.2,214764,14692,1.2,7280,1877278
92,2,0,1623,102,104,0.6,2.2,121229,71410,1.0,170,1046589
86,6,4,2763,249,112,1.6,3.2,132672,25607,1.0,320,1123400
90,7,1,1796,112,99,1.4,3.19,218630,187867,3.0,239,1514932
90,47,55,891,72,57,2.0,4.59,161768,38142,1.0,309,1068905
78,15,9,5763,322,275,4.2,3.4,225329,158009,6.2,1164,1614413
91,53,75,1345,98,108,0.4,0.4,16472,65359,4.4,1432,1044718
88,4,0,2781,263,222,2.6,1.2,245197,44762,1.7,2744,1047638
86,14,0,1654,95,62,2.0,2.4,189881,134834,6.4,168,1593582
90,39,52,2527,138,89,0.8,3.4,265344,41496,1.3,677,1057779
98,1,1,465,22,28,0.2,0.2,11366,12964,1.2,6848,1877352
77,11,0,2995,400,336,8.0,3.8,269385,80555,4.6,242,1722416
83,6,0,3018,417,241,2.0,2.59,1224535,193082,1.3,406,1071511
0,77,90,4219,652,595,1.39,1.39,96821,46895,134.0,85,15
97,1,0,346,61,23,0.2,0.2,382940,19927,1.8,8016,1862216
83,7,2,1948,302,236,5.59,2.2,390970,260428,2.4,3458,1815641
91,3,1,1490,147,111,1.4,4.0,29410,32328,1.8,1147,1124344
89,52,36,3084,203,389,2.8,2.8,94519,116569,2.4,1632,1641173
89,1,0,2711,144,118,1.4,1.6,161993,56924,2.6,152,1087596
80,6,2,2285,177,191,4.0,3.2,84430,214977,2.8,717,1016555
95,14,13,1510,168,97,0.2,0.2,25438,26958,1.0,1088,1080695
98,1,1,192,12,33,0.2,0.2,8571,12015,1.0,7293,1875112
93,3,1,2307,114,105,0.4,1.8,31281,113104,2.4,3103,1656325
58,54,34,5657,777,594,11.4,6.8,446525,68465,2.0,424,1031053
93,0,0,2352,82,73,0.2,0.2,3146,8482,1.0,608,1731416
93,1,0,3440,144,156,0.2,0.2,92394,37398,2.6,147,1707931
90,0,0,1703,158,127,0.2,0.2,5095,24264,1.6,166,1099232
94,17,25,1405,83,142,0.6,0.6,12122,157021,1.2,144,1746180
79,7,2,2862,278,150,5.61,4.81,253841,114278,2.4,1934,1007500
97,2,0,528,35,40,0.4,0.8,1229,25473,1.3,704,1064691
98,0,0,233,23,22,0.2,0.2,663,9460,2.0,2972,1707112
96,19,28,586,76,51,0.2,0.2,1609,13494,2.0,1258,1713042
88,20,25,419,36,32,2.2,2.2,63830,39248,1.0,8249,1866379
99,0,0,151,11,25,0.2,0.2,439,21995,1.0,6737,1858691
96,1,0,1505,73,77,0.2,0.2,10196,28193,1.5,1065,1053132
89,4,1,1602,170,162,3.4,1.0,77639,153502,2.2,5757,1840403
94,1,0,2514,120,99,0.8,1.2,276080,32472,1.6,205,1749656
72,22,18,4418,351,216,4.0,5.0,301061,68449,2.0,1063,1008304
76,12,0,6188,624,408,4.99,2.0,137279,62736,1.0,328,1065847
98,0,0,195,10,16,0.2,0.2,3368,46609,1.2,6910,1858525
80,7,0,2635,588,572,0.6,2.2,647485,572968,1.0,169,1047085
81,65,6,2532,166,125,0.6,0.8,38998,80415,1.0,342,1036602
94,4,2,2318,252,116,0.4,0.4,284319,144524,3.6,669,1326208
97,1,0,801,67,72,0.2,0.2,4584,19779,1.0,314,1016016
96,28,39,157,14,15,0.2,0.2,8738,8548,1.0,1882,1768184
89,5,0,2794,291,263,1.2,0.6,129608,114836,3.0,1403,1040123
76,17,6,5966,274,171,2.59,6.79,27941,42226,4.6,154,1311112
90,3,0,2286,160,97,0.6,1.8,162790,78386,1.8,566,1014058
86,4,0,1012,137,112,2.6,0.8,78025,6260,1.6,587,1742296
56,48,44,5793,705,325,13.4,34.8,251986,151431,1.0,1188,1087403
94,5,5,2175,83,77,0.6,0.6,17319,29789,1.5,425,988923
90,254,59,4072,333,311,0.6,0.6,183534,202268,2.0,2422,1644392
93,1,0,1293,59,49,0.6,1.0,3767,14409,2.4,1268,968080
84,3,2,1527,122,145,0.2,0.2,413659,365236,3.0,135,968140
89,40,55,2672,161,146,0.4,0.4,74895,196953,1.5,194,973072
85,212,208,4232,406,255,1.2,2.0,388291,161853,3.4,422,1334416
75,7,0,2820,373,332,6.8,1.8,173582,20888,4.2,143,1751645
90,6,1,1279,180,157,4.0,1.2,94575,6400,1.0,7196,1875514
90,3,1,388,31,24,1.6,1.6,49659,58793,1.0,7544,1861499
91,1,0,2450,128,113,0.4,0.4,23110,26628,1.0,791,1050303
88,1,0,2282,401,210,0.2,0.2,12692,54386,1.6,235,1742318
98,0,0,158,13,15,0.2,0.2,448,6400,1.0,7240,1863624
92,2,0,1680,400,299,0.6,0.6,11734,13465,3.6,369,1712258
82,20,8,2806,306,272,5.2,8.6,214889,130687,1.2,193,999115
76,198,38,4220,448,341,2.6,1.2,228047,193897,1.5,137,1017034
74,6,0,2098,190,110,6.4,24.0,158411,22867,1.0,354,1035406
91,25,20,1423,187,171,0.2,0.2,122096,137418,1.6,532,1099797
63,53,8,5116,612,442,12.6,8.2,266963,24095,5.8,2778,1536829
93,2,0,1539,132,116,1.8,0.6,117877,17639,1.0,151,1069188
98,11,15,188,15,41,0.2,0.2,2710,8658,1.0,3557,1847944
74,7,0,3216,570,72,6.8,21.2,1510447,52634,2.8,201,1108710
87,4,2,674,79,49,2.6,2.6,191341,147817,1.2,5280,1838771
91,15,14,2423,566,248,0.2,0.2,649934,653520,1.8,430,1044971
87,1,0,2804,352,410,0.4,2.0,37461,53614,2.6,1969,1705293
75,68,83,3135,244,162,5.41,14.83,171541,96875,1.0,365,1106976
91,1,0,356,31,31,1.8,1.8,44217,20023,1.0,7303,1849827
94,1,0,1592,93,69,0.4,1.8,39733,37995,1.2,2906,1050522
81,6,1,4322,387,274,3.41,3.21,211938,119371,1.0,679,989015
76,12,3,4338,319,246,1.6,2.2,346697,139861,6.4,465,1290687
92,16,5,2596,172,101,2.6,5.4,367523,68362,3.6,852,1545477
0,29,21,1296,480,160,1.4,2.2,816892,683670,142.0,89,11
87,9,3,3120,405,277,1.0,1.79,162000,110195,2.0,566,1068770
84,1,0,4165,259,163,0.8,1.0,55069,162071,1.5,424,1001854
88,5,0,4036,354,200,0.8,0.8,32404,49327,1.5,193,974271
90,3,0,1193,145,152,0.8,2.6,217173,106950,1.0,576,1066038
92,6,4,1090,84,52,1.4,2.2,181014,31665,1.3,175,1025157
90,2,1,3898,181,176,0.2,0.2,12690,211636,1.0,281,999800
75,41,11,4185,549,252,5.79,7.39,112159,92205,2.8,132,1055216
88,13,12,3053,353,166,0.8,2.0,373103,39226,1.8,848,1126931
93,1,0,1030,49,34,0.4,0.2,94546,25256,1.2,717,1037518
96,2,1,1413,47,51,0.4,0.6,23046,23823,1.2,1181,1005154
85,2,0,3021,336,243,1.4,4.2,174664,129337,1.2,195,1089227
61,45,0,3910,282,166,11.58,32.73,103815,31905,1.8,142,1101212
77,4,0,815,125,44,2.6,2.4,726462,152999,2.0,2170,1817514
84,2,1,4502,256,169,0.2,0.2,191500,262830,4.6,1673,1000469
98,1,1,262,49,13,0.2,0.2,36285,9884,1.8,7914,1869864
96,13,11,913,143,66,0.2,0.2,182190,185325,3.0,2558,1578943
86,9,0,3332,291,220,2.4,1.6,202138,67219,1.3,204,1089602
91,4,4,1333,93,90,0.4,0.6,160801,50962,2.2,572,1128707
88,71,95,1799,188,93,1.0,2.8,664266,115590,2.2,1950,1004462
94,1,0,1423,104,65,0.2,0.2,4577,25310,2.0,631,1069803
75,16,8,3665,293,271,6.41,4.81,190369,174297,1.0,725,988733
98,2,1,214,10,14,0.2,0.2,9873,44773,1.0,7731,1866403
90,42,58,2302,145,125,0.4,0.6,10686,50059,3.8,336,1064146
95,47,44,1484,77,71,0.6,0.6,26243,27853,3.0,10789,1382502
96,0,0,887,115,51,0.2,0.2,132347,125126,3.6,1369,1755973
84,5,2,4617,460,217,1.2,1.2,122675,148030,3.0,1894,1001723
89,13,6,3069,173,94,1.4,1.6,131542,105250,4.4,2549,1576858
98,2,1,332,54,30,0.2,0.2,88639,6183,1.0,588,1736382
91,3,3,2070,176,118,0.6,1.0,19761,26919,2.3,499,1119318
73,19,17,5367,374,258,1.2,1.0,359434,97984,1.3,145,1002831
96,2,1,876,30,29,0.2,0.2,21116,41098,1.0,4609,1828424
72,37,16,3666,627,255,4.2,4.4,591437,86958,1.5,212,988462
0,2,1,1436,93,81,0.2,0.2,287757,47872,148.0,92,8
0,12,10,2643,131,161,0.4,1.8,86268,58754,473.0,90,10
91,0,0,4367,171,145,0.4,0.6,18863,16529,2.2,479,1380597
98,2,2,261,20,25,0.6,0.6,8969,5009,1.0,7391,1865933
96,0,0,1060,113,53,0.2,0.2,180834,19367,1.0,224,1011219
84,172,9,2899,135,94,5.2,4.8,546948,91311,3.4,1323,1543117
90,52,63,2159,154,151,2.4,0.8,82739,42654,6.8,273,1519694
97,1,1,512,47,44,0.4,0.4,92333,23899,1.0,465,982181
93,2,2,2165,119,111,0.0,0.2,38370,33538,1.0,900,1112571
84,10,5,4113,222,156,3.8,3.0,126566,37744,1.6,887,982733
91,3,1,2198,166,138,0.8,0.6,33606,97451,1.5,2096,1073008
95,62,79,1022,113,81,0.6,1.8,98428,29898,1.0,179,1015712
86,3,0,501,60,14,2.79,2.99,190357,26600,1.4,11435,1874164
86,8,1,1807,121,76,1.0,1.2,27203,24142,1.8,497,965349
91,2,1,1602,183,143,0.6,1.0,108632,43802,1.3,289,1110890
85,2,1,3868,405,333,0.6,0.6,571151,82102,1.0,172,1046045
71,10,1,4460,524,419,7.0,1.8,441130,16790,3.6,442,1744293
95,0,0,474,53,40,0.2,0.2,3058,5309,1.0,1125,1744080
87,59,64,1720,201,112,1.2,1.2,182095,41385,2.0,569,967757
89,24,8,2684,520,252,0.8,0.8,55758,39015,1.0,917,965910
79,45,61,4430,149,116,0.6,0.6,537881,50416,1.8,112,1012219
0,10,10,1489,122,64,0.2,0.2,185016,46690,195.0,92,8
89,30,44,1875,91,85,1.4,1.0,65420,53279,1.5,344,1059890
70,13,9,6431,324,175,2.99,9.78,340837,108188,2.6,175,1388778
96,2,0,936,137,136,0.8,0.4,17347,62003,1.3,713,1060565
84,340,0,3475,228,193,2.8,1.4,142575,57016,2.8,3988,1708720
89,4,3,3045,230,162,0.6,0.6,30583,30913,1.0,254,1098288
90,0,0,2285,207,167,0.4,0.6,174265,45943,3.5,1224,1038943
94,6,5,1730,133,101,0.2,0.2,21597,48037,3.6,2755,1048314
98,0,0,150,9,19,0.2,0.2,2074,12320,1.0,7306,1873272
88,65,60,2391,156,100,1.0,0.8,188534,52404,1.2,723,1006984
90,4,2,1450,238,173,0.6,1.8,137709,123565,3.6,132,1051859
80,55,57,1660,110,79,2.99,4.59,147453,90600,3.2,859,1509469
93,15,3,1203,61,34,1.6,1.8,163076,33674,2.4,2744,1542915
97,0,0,1081,31,54,0.2,0.2,12142,144533,1.6,8345,1864720
90,2,0,2941,214,118,1.2,3.0,20216,9736,2.8,1107,1403693
92,6,2,964,170,99,0.6,0.6,683508,18269,3.2,226,1038432
87,15,9,3223,248,125,1.2,1.2,689071,67101,6.6,633,1302059
92,37,54,1507,114,102,0.4,0.4,56270,67686,1.0,466,1066010
95,13,13,2065,176,86,0.2,0.2,11158,46073,2.0,1191,1458336
93,23,29,415,34,56,0.2,0.2,28673,57303,1.2,2212,1772588
92,36,50,1133,189,95,1.0,1.4,290876,217223,4.0,2282,1603541
69,16,4,4378,173,123,9.2,20.6,45835,24670,1.0,306,1104760
96,19,27,405,74,57,0.2,0.2,8428,13321,1.0,397,1742846
99,0,0,132,6,9,0.2,0.2,416,4514,1.0,7739,1880280
75,23,7,6860,415,246,1.6,3.2,135679,71857,8.2,380,1310003
87,2,1,2912,250,217,1.0,2.8,141678,400483,3.0,290,1375298
90,2,0,4534,364,253,0.4,0.4,15433,69407,1.3,554,1077997
80,57,76,3219,328,182,1.8,1.4,247623,202180,1.3,668,1063253
87,16,2,1974,190,153,0.2,0.2,111053,58062,1.0,131,1054119
94,25,31,2300,104,105,0.2,0.2,15051,30009,2.2,152,1710746
92,157,165,1225,220,16,1.8,2.0,1170456,9245,2.4,8416,1864085
87,15,18,565,45,40,2.2,2.2,62897,142595,1.2,5538,1842536
97,0,0,603,52,62,0.2,0.2,2318,56100,1.0,483,1730390
82,6,0,4507,446,381,5.0,1.4,229819,58808,2.4,233,1710437
97,3,0,1372,76,68,0.4,1.8,150618,119814,2.4,1435,1542104
83,43,31,2296,157,111,2.8,1.8,300099,56847,1.2,298,1086066
94,2,0,1067,112,118,0.4,0.4,60677,38355,2.8,315,1061732
1,56,48,2173,306,183,2.0,7.78,330940,138458,582.0,86,12
91,2,1,1536,133,110,1.4,3.8,24308,22390,1.2,162,1102811
90,1,0,2655,196,151,1.2,0.6,198790,31288,2.6,2347,1699754
95,3,0,995,75,69,0.8,1.0,66503,19072,1.0,211,1014606
0,47,28,7628,430,401,1.0,1.2,509671,516403,1649.0,79,21
0,23,12,1673,145,117,2.0,6.8,160268,57456,581.0,87,13
92,18,10,1650,101,85,1.4,1.8,80582,45072,3.4,1958,1533346
90,2,0,2030,252,85,0.6,1.8,1031241,18973,2.6,249,1095673
98,1,0,280,12,15,0.6,0.6,1076,5271,1.0,7425,1869494
91,5,4,1972,264,136,0.6,0.6,6710,29148,1.0,1245,971048
77,40,54,3432,390,328,3.41,4.81,415685,259602,1.5,401,1098783
89,2,1,2538,200,118,0.6,3.2,29061,22557,1.2,418,1113773
92,98,127,680,54,44,1.0,0.6,12159,22830,1.8,348,975070
0,18,15,2314,256,91,0.4,0.4,294759,283260,166.0,84,16
98,0,0,170,12,36,0.2,0.2,1886,31093,1.0,7374,1874600
82,35,31,4232,320,187,1.8,2.4,176180,143770,5.6,1455,1314174
85,9,2,840,120,60,2.6,2.4,98182,68589,4.2,611,1717547
59,124,135,4269,557,323,3.99,3.59,691572,328743,1.3,127,988386
84,12,4,4168,313,205,1.4,1.0,235149,53022,1.0,257,1052590
80,75,68,2224,308,265,6.4,5.8,211609,159046,1.0,181,960515
87,32,48,6054,283,231,0.6,2.0,24049,248288,3.0,1092,1378821
97,2,1,294,50,35,0.2,0.2,259637,7396,1.0,6342,1855490
94,1,0,371,48,31,0.6,0.6,52298,9498,2.2,3042,1707706
87,24,21,2013,472,171,2.8,3.6,623893,577518,1.5,606,1045882
81,3,0,464,39,35,2.0,2.0,73449,37326,2.2,2652,1796053
86,31,12,4007,295,143,1.4,3.2,548063,21742,5.0,143,1524043
81,32,42,1606,177,145,0.8,0.8,536740,256548,1.6,159,1075711
97,13,19,210,16,35,0.2,0.2,11917,30208,1.0,7645,1878904
81,69,74,3062,519,458,1.4,1.4,463945,441710,2.0,266,1046742
94,0,0,1019,104,80,0.4,0.4,10819,17998,2.0,1041,1066749
97,1,1,277,42,23,0.2,0.2,259702,19388,1.4,7377,1874534
88,9,4,1684,94,59,1.0,2.4,248085,167332,2.2,10656,1381699
68,90,49,5387,310,266,7.82,10.22,296715,180601,3.0,222,1098411
89,9,2,3853,178,141,1.4,2.8,189767,23555,2.6,571,1054232
73,27,3,4267,467,384,8.8,11.4,413386,75318,7.0,1389,1634174
80,9,1,3577,430,226,3.39,3.59,114246,43469,3.4,160,993788
86,31,42,3056,224,179,2.0,0.6,127508,88368,2.0,510,1015450
91,6,5,2097,254,142,1.2,3.4,212869,103284,5.0,2946,1604310
87,14,13,6890,1054,171,0.6,0.8,69387,36569,3.0,254,998522
96,3,1,1982,107,101,0.6,0.6,50974,60735,2.2,1597,1548389
96,2,1,471,26,39,0.4,0.4,9053,12211,2.0,6817,1864789
95,3,2,1626,139,84,0.6,0.6,105625,67257,2.2,852,1717360
94,5,2,447,59,42,1.8,1.8,166619,12441,2.4,4024,1837898
89,13,1,2112,223,109,2.2,2.6,271753,173447,4.0,169,1322045
83,53,79,2675,162,110,0.6,0.8,191280,45919,2.7,1482,1042862
94,0,0,764,68,57,0.2,0.2,48116,38972,1.5,416,949702
76,65,39,3797,1477,133,2.4,2.8,505808,85412,2.4,128,1128730
0,13,6,1881,141,134,1.4,2.2,72256,42530,292.0,86,14
87,6,1,2260,207,136,1.8,1.6,241800,63832,2.2,956,1069212
87,6,1,2961,458,401,2.4,0.8,260714,202105,2.7,217,1006899
80,15,6,4172,321,179,1.4,1.8,218370,133098,3.0,294,1526027
90,1,0,3930,342,185,0.4,0.6,242555,187798,3.8,3440,1338127
90,4,0,2533,122,116,0.8,3.2,99537,100130,4.0,2942,1531818
98,0,0,217,10,19,0.2,0.2,3477,64742,1.0,7746,1870136
91,3,0,1626,280,150,2.2,1.0,376237,112914,4.4,3235,1605074
79,3,1,5598,221,283,0.4,0.6,98296,532449,1.0,227,1002725
94,27,39,898,87,90,0.2,0.2,5233,37131,1.0,128,1128165
85,62,59,3502,273,148,2.2,2.4,355154,49921,1.0,965,975280
0,21,18,1395,358,140,0.2,0.2,498541,524929,560.0,95,5
91,5,0,1799,203,131,2.4,1.2,439266,15923,3.0,712,1066889
81,12,3,1752,135,45,1.6,1.8,218922,34199,3.0,759,1522786
85,21,1,3336,598,572,3.0,2.0,587782,464470,1.8,509,1066181
88,48,2,1184,163,116,0.2,0.2,1336878,51629,3.5,160,1023751
86,2,0,447,53,38,2.2,2.8,105707,29023,1.0,2693,1797126
80,8,0,2802,408,355,8.38,2.2,233031,12990,3.2,7298,1859602
97,2,1,284,43,16,0.2,0.2,261161,11296,1.4,8351,1865738
86,22,27,2478,303,247,4.2,1.2,124481,20933,1.8,1520,1747144
98,1,1,444,53,45,0.2,0.2,12152,15855,1.0,139,1738984
88,36,53,2180,309,119,0.2,0.2,597126,35393,1.0,157,1096487
90,2,1,2288,147,119,0.2,0.2,111699,23476,1.6,281,1735946
89,12,11,2014,339,206,0.2,0.2,50202,29517,1.5,435,1098538
90,7,5,4240,185,170,0.6,1.0,13463,40559,1.0,1134,1053974
90,8,5,2489,128,208,0.2,0.2,66317,431882,2.0,172,1385682
96,1,1,1571,109,85,0.2,0.2,7696,57951,1.2,144,1002419
68,12,3,3958,408,284,9.6,18.6,152577,28722,1.0,117,1109061
0,22,20,2017,393,151,0.4,0.4,583985,551003,702.0,90,10
85,2,1,3996,323,133,0.4,0.8,1352240,156247,1.7,392,985278
77,181,6,4923,286,254,3.39,3.19,211213,235251,3.4,2750,1636152
90,4,1,4175,112,109,0.6,1.0,118854,48015,2.8,436,1016301
97,28,40,182,9,15,0.2,0.2,2630,52068,1.0,6879,1861804
98,0,0,181,10,15,0.2,0.2,5478,46886,1.0,7854,1874812
97,2,1,1148,21,30,0.4,0.8,8675,6147,1.0,4918,1829331
77,131,104,3404,382,217,4.8,7.2,420341,175225,1.0,1354,1006933
66,87,84,5484,390,332,4.4,11.4,245476,153510,5.8,2591,1559867
84,40,50,2932,223,102,1.4,3.2,173324,43284,1.0,477,1065285
95,1,0,1914,55,57,0.2,0.2,9833,23860,1.7,408,1116526
95,1,1,1243,35,59,0.2,0.2,6509,61181,1.0,8312,1839178
90,52,62,976,76,98,0.2,0.2,11377,84271,1.0,1356,1069018
87,1,0,4396,223,165,0.6,0.6,113544,28272,1.8,2066,1101103
70,11,0,4449,612,528,10.0,3.0,290561,19801,1.5,183,1015698
95,1,1,1615,91,70,0.4,1.8,43622,10744,2.4,3345,1709805
96,1,0,264,20,33,1.2,0.8,42849,13858,1.2,7047,1844979
81,1,0,3247,303,202,0.4,0.6,645033,306096,2.8,231,1015854
75,50,1,3760,512,424,5.4,5.0,309000,188453,1.3,217,1085466
1,131,46,1726,300,282,1.0,1.2,297680,286051,525.0,88,12
67,25,1,4418,301,153,5.8,15.0,315550,53801,3.4,123,1100149
76,6,0,1705,332,189,5.6,14.2,700086,111956,4.6,2050,1724243
83,26,14,3761,760,411,2.0,2.4,67723,21589,3.8,526,1538782
65,45,0,2328,191,114,12.2,34.8,373543,45577,3.4,147,1092866
95,1,0,1192,58,66,0.2,0.2,7578,57791,2.0,688,1062640
68,10,1,4616,625,494,8.4,3.4,402372,48289,1.3,219,997088
99,0,0,157,10,9,0.2,0.2,424,1668,1.0,6637,1873374
80,23,2,2573,319,238,8.58,5.59,193986,92720,1.0,1216,1016945
90,5,2,4903,333,267,0.4,1.8,15674,63082,2.2,3025,1640324
89,3,2,1040,120,59,0.8,3.19,154551,24953,2.6,190,993039
93,4,1,1062,141,126,2.8,1.2,74472,6098,1.6,7349,1864162
92,9,1,1799,127,87,1.8,4.19,104229,37594,4.0,808,1529517
97,0,0,170,18,21,0.2,0.2,448,8385,1.0,7278,1869002
92,6,1,2348,144,103,2.4,0.8,37237,10148,2.4,298,1709362
92,3,0,1405,131,122,0.8,0.6,187208,41824,3.0,301,1114336
77,184,138,4782,626,394,1.6,4.6,132194,158954,1.3,149,1016229
89,5,1,1490,172,82,2.2,2.2,462717,19436,1.0,162,977095
84,4,1,3931,274,200,2.4,0.8,131422,116356,1.8,205,1009333
91,1,1,1762,77,93,0.2,0.2,6978,56709,1.6,127,1129587
87,4,3,2731,127,90,1.0,3.4,54912,81047,1.4,426,1023250
88,14,6,1814,259,144,0.2,0.2,116743,26776,3.2,275,1045414
90,36,52,2326,155,77,0.8,1.2,9028,21940,1.0,148,1137347
77,9,1,1925,167,90,7.2,20.0,249672,32180,1.5,219,1104314
98,1,1,160,14,16,0.2,0.2,7007,8363,1.0,8496,1866056
90,6,5,2042,107,79,0.6,0.6,54202,132182,2.0,275,982831
83,11,5,3076,412,322,0.6,0.8,482557,232189,6.2,201,1300526
97,12,16,220,17,21,0.2,0.2,20943,16792,1.0,7425,1866435
96,3,2,1388,68,49,0.2,0.2,203366,60254,2.4,5245,1675056
91,14,21,4405,139,129,0.2,0.2,4462,6266,2.6,4587,1731704
94,26,38,396,80,26,0.6,0.6,414176,17481,1.2,912,1762022
85,2,1,400,79,77,0.6,0.8,1297030,420210,2.0,4449,1825016
76,7,0,3992,268,243,4.41,3.01,107318,188650,2.4,686,1017114
81,66,80,4529,182,149,2.8,4.2,98313,86538,4.8,1782,1531538
97,19,25,197,15,18,0.2,0.2,7457,4595,1.2,7548,1870232
77,11,5,2477,255,143,5.41,5.21,772599,68306,1.0,551,1033986
0,18,6,2174,231,135,2.0,3.4,168211,43126,368.0,85,14
76,1,0,3483,294,283,0.8,2.6,621569,553056,6.2,132,994390
60,15,3,4027,274,158,11.6,33.6,295178,43767,1.0,582,1092362
91,3,1,1850,76,60,0.2,0.2,34911,74165,1.3,302,1125887
95,4,0,915,128,42,1.0,1.2,296223,11187,2.8,5272,1724709
85,21,29,482,34,31,2.0,2.0,104119,45343,2.2,741,1786800
86,50,74,2563,158,149,1.4,1.2,29578,177680,2.6,882,1017909
81,55,63,3646,248,163,2.8,2.2,129850,58805,2.0,511,1112904
76,62,19,5210,820,696,1.2,2.8,361705,40816,3.6,657,1399072
65,47,0,2824,150,111,12.0,35.0,85212,42485,3.2,198,1096288
69,37,7,4774,232,157,4.4,6.2,522823,107871,4.8,377,1527138
85,2,0,401,36,38,1.6,1.6,93100,32813,2.0,158,1784021
89,1,0,2324,202,89,0.4,0.4,59488,63951,1.6,3564,1769182
88,14,7,2823,194,119,1.4,3.6,195576,114991,2.4,1996,1548301
89,12,11,820,170,97,0.8,2.4,277834,222616,3.4,4085,1828326
88,30,41,1972,156,137,0.4,0.4,108058,183512,6.0,141,1053814
90,8,0,1646,162,129,1.2,1.2,29000,67970,1.7,200,1073063
0,20,5,3424,638,278,5.2,2.8,836291,568945,841.0,82,18
85,13,6,2243,161,116,1.6,3.39,194591,52749,2.5,141,1105448
93,11,3,1012,122,85,0.6,0.8,194793,28034,1.7,212,1026517
92,0,0,2296,103,67,0.4,0.6,77486,18974,1.2,165,1011243
90,4,4,1901,213,103,0.4,0.8,616593,504045,4.6,3058,1032533
83,70,92,4371,237,203,1.2,1.0,205153,71432,1.0,131,1003590
90,4,2,2483,268,162,0.4,0.4,561018,286158,4.8,2622,1562976
89,6,2,1336,137,76,3.0,3.8,83576,66955,2.3,2708,1014373
86,3,1,2298,238,235,0.6,0.8,111211,392803,2.0,141,1375952
93,4,2,1806,97,69,0.6,5.4,4959,7334,2.2,474,1383408
55,50,0,5031,397,239,14.2,34.8,150140,25263,1.0,187,1105467
90,13,10,1970,114,67,2.0,2.0,42776,22590,1.0,918,997309
0,4,1,1065,229,68,0.6,0.6,105847,17529,305.0,91,9
82,35,7,2362,261,156,3.8,3.8,151582,72259,1.0,188,1070666
93,2,2,1479,213,153,0.4,0.2,88759,45182,1.7,638,1120110
80,18,12,2385,334,124,5.8,16.0,928637,33286,2.8,672,1097338
89,5,0,1812,99,55,5.0,3.2,78722,14526,1.4,1832,1753208
83,11,8,4602,739,638,2.2,2.2,423020,318145,2.4,230,1129762
85,6,0,1899,222,92,4.79,2.99,299235,26325,1.0,1085,1053785
87,28,40,3732,224,132,1.0,0.8,250893,27310,2.8,512,1383642
94,20,26,401,38,34,0.2,0.2,10085,11856,1.0,225,1740241
98,0,0,229,24,21,0.2,0.2,1422,10540,1.0,1856,1750071
84,65,82,1599,98,92,2.8,4.8,166910,98679,3.0,1842,1542608
92,4,1,2360,155,102,0.8,0.8,23647,28846,1.8,1520,971381
79,10,2,3408,397,306,5.2,2.2,196093,14080,3.0,236,1435354
95,34,43,793,55,50,1.0,0.4,34368,22420,2.0,5398,1680534
97,0,0,261,51,35,0.2,0.2,270982,20290,1.4,8318,1868621
95,1,0,2180,109,153,0.2,0.2,8008,17867,3.4,1334,1724854
93,1,0,1054,39,43,0.2,0.2,10008,10321,2.0,443,1744632
97,0,0,159,9,10,0.2,0.2,682,7433,1.0,1849,1777844
88,3,2,1893,204,151,0.8,0.8,224155,58290,3.0,167,1135840
82,39,48,4804,274,179,1.4,1.6,138000,56152,5.6,148,1302861
86,2,1,1218,162,62,1.2,1.6,60975,14627,3.0,245,1037384
87,6,2,2712,259,301,3.19,1.0,91310,26600,1.5,304,1032599
91,72,91,1320,101,51,0.8,1.0,78153,29519,3.0,1173,1544433
91,40,57,2460,76,66,0.2,0.2,7302,28418,1.6,759,967594
81,8,0,2616,413,350,5.79,3.39,263708,92655,4.6,223,1718330
93,2,0,301,39,28,0.6,0.6,48377,16470,1.4,481,1754590
88,8,0,1676,178,146,1.8,3.2,108171,23730,1.0,772,1105752
91,3,1,2265,189,112,0.4,1.8,238639,32278,3.8,594,1076909
90,122,53,3858,253,267,0.2,0.2,92027,172470,3.0,399,1066162
84,13,4,3250,137,97,2.0,3.6,30021,7073,5.0,2188,1348486
64,4,0,3296,179,99,2.4,2.8,261026,29326,1.0,859,1017344
95,1,1,1336,76,53,0.2,0.2,4384,19359,2.0,2965,1014437
86,3,2,3833,575,489,0.8,2.2,43967,39891,2.2,1505,1725224
96,2,0,998,92,93,0.4,0.6,13248,45535,1.0,806,1081493
74,9,2,3614,236,266,4.39,19.96,131305,514045,2.6,869,1031599
86,17,3,3680,200,152,2.0,2.2,256835,87761,3.2,159,1526898
96,7,3,709,44,46,0.8,1.4,23587,16036,2.2,5368,1680051
90,3,0,370,21,24,0.8,0.8,22085,6406,2.2,1060,1752096
90,2,0,450,48,30,2.0,2.4,110942,48105,1.0,11884,1888162
94,4,1,462,54,29,1.8,2.0,171457,10198,2.2,6289,1845656
84,12,4,2128,269,206,3.0,1.2,94070,21569,2.6,173,959533
88,5,1,797,84,72,3.0,2.0,78488,73953,1.4,5810,1846563
89,2,0,4178,252,175,0.8,1.4,136384,89683,2.6,4554,1404134
90,17,1,1972,142,72,3.38,6.16,126748,18912,3.0,520,1010212
94,17,3,720,40,67,0.8,1.6,74233,9042,1.6,6058,1852752
78,9,1,4655,404,140,3.6,5.8,400425,55951,1.4,939,1048038
57,46,1,4794,362,243,12.83,30.06,260165,41943,1.5,163,1107203
96,3,2,437,57,46,0.4,0.4,1521,13330,2.0,658,1721608
88,16,1,2239,174,120,1.0,1.2,84704,41242,1.5,205,1096663
92,2,0,330,30,29,1.8,1.8,62207,24991,1.0,6792,1855616
94,14,13,2410,265,194,0.2,0.2,29585,37210,1.5,171,1085166
59,79,72,5033,593,499,9.0,5.2,489658,44708,1.7,306,1027808
67,14,1,3532,235,175,10.8,32.0,201549,27048,1.0,143,1077171
92,9,7,2053,156,131,0.4,0.4,149799,52383,1.7,439,973485
91,1,0,5490,278,203,0.4,2.0,24054,18264,2.6,411,1447018
80,87,106,5490,491,299,1.4,1.2,101447,90854,5.4,537,1335731
96,5,4,1030,170,115,0.2,0.2,120128,128776,4.0,1754,1557714
91,4,0,2281,154,114,0.8,1.0,97786,25104,1.0,181,1111448
90,1,0,2138,162,90,1.0,1.0,133853,48999,4.5,139,1127086
97,4,3,272,27,28,0.4,0.4,35210,11609,1.0,7283,1863856
95,1,0,1419,143,58,0.2,0.2,294580,5987,2.6,6227,1731128
84,11,4,1917,199,116,1.8,3.2,219990,38219,2.0,159,1112970
84,5,0,2232,198,92,3.8,4.8,278965,45357,1.0,255,1031590
91,95,82,1567,170,114,0.8,0.8,245713,56190,1.0,637,992291
87,50,62,3731,387,227,0.2,0.4,93976,59287,1.5,306,1090744
89,1,0,2521,196,162,0.4,1.8,185731,50125,1.0,159,1014073
97,1,0,269,38,20,0.2,0.2,200152,10044,2.2,8117,1860287
90,21,4,3092,242,180,1.4,1.6,122507,16070,2.4,1135,1524046
90,31,1,1301,176,93,1.0,0.8,52549,25910,2.4,105,1526877
88,13,4,2460,212,205,0.6,0.6,218663,95372,1.0,404,1018656
94,1,0,538,95,48,0.2,0.2,139284,97012,3.2,1083,1749909
85,5,1,2443,405,327,3.8,2.2,183535,89572,1.0,2637,1017880
95,14,17,442,20,13,4.01,2.61,53077,7000,1.0,9034,1877243
89,12,1,2349,169,106,2.2,2.2,108705,44134,3.2,1604,1538354
93,2,1,1061,109,50,1.2,1.4,231092,10300,2.8,155,1710000
87,2,0,1860,166,100,1.2,1.0,140779,44401,1.2,2551,1096235
97,1,1,809,33,28,0.4,0.4,7506,3989,1.0,4950,1828000
96,23,34,315,92,40,0.2,0.2,111809,115758,3.6,719,1741602
90,34,44,854,64,42,0.8,0.8,151356,50454,1.0,542,1015930
97,1,0,346,58,47,0.2,0.2,59213,45801,2.0,903,1716584
90,3,1,903,107,86,2.2,2.0,61943,151411,1.4,5507,1840805
81,6,0,1455,200,188,4.2,1.2,131063,51130,2.2,2103,1768179
75,28,1,4700,385,179,6.4,9.8,156781,63261,4.0,734,1629358
92,6,1,1193,96,236,1.2,1.2,153211,277202,4.0,689,1540053
0,14,12,1028,362,128,0.2,0.2,597656,620164,821.0,94,5
87,54,74,3871,283,269,0.99,0.79,44706,84551,6.4,247,967683
93,4,1,1708,220,73,0.8,2.4,43234,37983,3.0,629,1534331
84,14,6,4229,148,75,1.8,7.0,40707,8863,2.4,10833,1382525
77,42,3,3704,403,316,6.0,4.8,381160,118895,6.8,362,1316630
94,3,0,858,139,160,0.8,2.0,24953,21251,1.0,369,1022384
96,2,1,817,71,43,0.6,0.6,17994,134016,1.0,6879,1853251
97,1,0,756,44,33,0.2,0.2,19561,13898,1.0,520,993283
99,0,0,132,6,7,0.2,0.2,416,1985,1.0,6643,1873435
84,49,55,1233,153,147,0.8,0.6,225042,202091,5.0,806,1599282
78,12,0,1798,111,207,2.8,3.2,116467,82644,2.4,612,1521061
91,4,3,1048,241,169,0.2,0.2,144119,63045,2.0,135,984496
96,11,16,317,89,35,0.2,0.2,66227,57424,1.0,6846,1857446
98,9,9,186,19,18,0.2,0.2,3472,11255,1.0,417,1757288
89,10,9,3884,295,136,1.4,4.6,110300,59845,6.0,2912,1600592
86,92,90,2612,243,170,2.6,1.6,67969,57978,3.0,688,1123032
92,5,0,1492,40,33,1.2,1.2,32114,19663,1.0,153,1066347
86,6,3,4453,294,224,2.6,0.8,92293,49961,2.2,368,1016914
83,33,47,3278,218,180,0.2,0.2,169118,125701,4.8,1395,1050499
89,13,2,2145,107,85,1.4,4.2,169926,26644,5.2,352,1520968
86,25,15,1568,137,79,4.19,4.99,178748,55975,2.2,265,1057790
87,40,23,2008,143,99,3.4,8.6,80598,29954,4.4,10935,1383370
70,15,4,4585,614,551,7.2,5.2,537884,324709,3.3,185,1005782
94,3,0,1209,147,105,1.0,0.4,21270,19479,1.5,318,1001574
81,11,1,4377,151,157,2.4,2.6,143728,165257,4.4,623,1622459
73,36,24,4583,671,262,2.8,3.2,248855,155439,4.2,914,1641515
81,5,0,2576,340,209,3.0,1.4,453313,22792,3.2,2440,1763877
94,1,0,845,63,56,0.6,0.8,13187,19673,1.0,671,1033102
93,6,5,1765,76,84,0.2,0.2,43538,29070,1.0,133,1060421
89,40,34,4017,219,151,1.4,4.4,471335,293032,4.6,1505,1323968
92,18,26,2469,249,138,0.2,0.2,95921,47034,3.0,979,1084157
89,1,1,2515,170,131,1.4,3.2,48911,98175,1.0,171,1023765
88,2,0,2839,153,128,0.2,0.2,69921,134836,3.2,2963,1534675
89,2,1,2578,243,174,0.6,1.0,89694,66911,1.3,832,1120236
97,1,0,438,19,19,0.8,2.4,5598,7819,1.0,1756,1774116
88,3,2,2868,472,364,0.6,0.6,22198,68182,2.2,128,1695483
90,13,12,2434,469,223,0.2,0.2,610383,768455,1.2,620,1045774
91,6,1,2544,269,119,1.0,1.0,30350,34213,2.8,369,1536586
79,9,0,4290,428,346,3.8,1.2,251693,148389,3.0,342,1088830
95,1,0,711,72,82,1.0,0.8,57329,28539,1.2,682,1752805
80,4,1,4148,423,250,3.4,2.2,250623,346396,1.8,378,988138
96,1,0,570,63,42,0.2,0.2,63967,31511,2.4,3041,1707746
67,80,67,3131,244,136,6.01,7.41,182851,27898,2.2,166,1038256
93,18,27,1040,54,47,0.4,0.4,2553,10626,1.0,1344,1746229
92,5,1,1268,203,121,1.0,0.8,144371,69267,3.8,1346,1072618
98,1,1,301,43,32,0.2,0.2,20290,4785,2.2,147,1716640
95,6,0,1984,59,58,1.4,4.2,2161,5422,4.0,839,1631088
87,23,19,2130,164,157,1.0,1.0,52391,117772,2.2,178,1062783
87,9,7,3717,203,191,0.6,0.8,204642,234240,2.3,127,1008517
91,3,1,2284,267,217,0.8,1.0,67409,24680,2.0,190,1016872
88,9,4,1632,313,151,1.8,2.0,1238191,53430,4.0,357,982474
54,160,140,5157,419,212,9.8,25.2,439846,73418,3.3,161,1096931
97,2,1,710,40,41,0.2,0.2,2913,18830,1.0,684,1039054
63,44,2,2544,190,105,10.82,32.46,387999,161319,1.0,265,1096840
92,7,3,2304,99,69,0.6,0.6,146483,27071,2.2,6239,1721694
90,3,1,405,37,14,2.0,2.0,68996,10749,1.4,9082,1874730
81,26,36,5731,312,224,0.8,0.8,155004,264757,3.2,249,1383946
81,172,0,3252,205,174,1.6,0.6,516331,33097,5.6,1616,1369450
98,2,1,206,14,31,0.2,0.2,7000,14343,1.0,8188,1864384
70,10,1,5002,580,433,7.6,2.0,676779,76726,1.8,253,1115773
77,15,3,3760,718,501,4.0,3.0,378705,122879,5.6,2921,1602693
77,7,5,4324,723,264,2.6,9.0,532078,21737,3.4,2486,1409182
92,3,0,1359,149,112,0.8,0.4,16723,25838,2.0,246,1118432
76,19,9,4223,412,393,6.6,2.6,173798,95760,1.7,1119,1058566
75,8,0,3782,498,428,7.2,2.2,181646,22390,1.5,370,1028214
97,0,0,812,132,81,0.2,0.2,15160,17977,2.0,1875,1074955
88,3,2,2547,250,119,1.0,2.6,265377,23343,4.6,173,1072302
83,31,18,3012,183,102,1.0,1.0,173124,55477,2.8,5375,1416432
91,6,2,2352,190,100,0.6,0.8,484452,29922,1.0,209,1026242
77,3,1,3614,233,180,1.6,3.21,261234,80077,1.5,435,1117693
89,42,60,1256,88,89,0.6,1.8,101694,34680,2.0,973,1130743
80,518,8,1623,107,102,2.4,0.8,73351,37095,1.4,3024,1845179
78,25,7,3713,151,90,4.8,10.0,290336,81955,3.4,1431,1541880
96,0,0,1758,116,166,0.2,0.2,49953,70743,2.0,274,1705742
91,26,34,906,74,50,1.6,1.8,178551,25205,2.2,4532,1840355
98,2,1,769,30,22,0.2,0.2,12571,5656,1.0,4621,1828405
81,8,1,2071,125,86,6.4,18.6,71609,38177,1.0,137,1076886
79,188,210,3051,152,268,1.8,2.8,39987,678400,2.7,271,998874
96,3,2,499,64,48,1.2,1.2,73009,24372,2.6,674,1721486
90,3,0,3052,111,197,1.0,1.2,112750,473805,2.0,480,1386939
91,4,2,1314,119,89,0.4,1.8,50000,41118,4.0,189,1029926
89,10,8,1439,107,91,1.4,3.2,36486,21669,1.6,908,1132680
67,114,100,2969,224,151,7.41,18.64,136034,84091,1.3,130,1074519
93,8,0,3360,194,111,0.4,0.2,223067,128505,3.6,3731,1342350
97,1,0,253,24,14,1.0,5.6,57502,22233,2.0,4027,1821648
94,2,1,1027,159,113,0.2,0.2,12193,86190,2.8,1974,1538989
97,0,0,303,93,46,0.2,0.2,14776,18949,1.0,5925,1863899
81,86,47,2365,291,270,2.6,5.8,242125,183977,1.0,649,1096326
74,27,0,2052,163,87,6.6,19.4,536165,28955,2.0,126,1089085
84,5,0,4476,337,309,4.0,1.2,120003,28641,3.2,165,1709944
88,1,0,3171,288,154,0.2,0.2,27450,52947,2.6,2588,1442398
92,21,18,886,218,119,0.6,0.6,83461,25311,1.0,572,983730
74,10,3,6838,508,367,4.81,3.21,306676,208280,1.5,187,1012170
96,0,0,1751,43,51,0.2,0.2,47969,32606,2.2,156,1760072
87,5,0,2895,173,181,1.0,0.6,63003,143471,2.2,298,1025753
86,10,1,2172,312,235,1.0,1.2,275037,191712,1.0,555,1069630
84,2,1,1363,291,389,0.4,0.4,679012,348619,1.8,1344,1707259
97,29,37,302,123,46,0.2,0.2,199469,206094,2.6,5272,1825416
87,8,1,2887,294,209,2.6,0.8,202152,40571,2.4,1021,1539986
88,39,51,2253,100,126,0.2,0.2,138204,351378,2.4,212,1013159
85,39,23,3674,318,177,2.59,3.59,160120,78498,2.6,223,1624016
86,16,0,1877,168,104,3.2,2.8,92379,38380,1.5,152,1056966
89,0,0,681,62,40,0.2,0.2,1931,34918,1.8,991,1765360
89,1,1,3420,341,166,0.2,0.2,696743,147916,2.6,1341,1395784
88,2,0,386,42,14,2.2,2.2,92461,20544,1.6,9145,1879085
90,12,2,2144,148,134,3.0,9.2,97089,19517,4.4,887,1638498
97,1,0,451,41,73,0.2,0.2,20545,73753,2.5,483,1061952
87,2,0,2396,202,106,1.6,2.8,579404,22490,3.8,599,1096501
94,1,0,819,73,56,0.2,0.2,98716,52191,1.0,173,1023683
94,11,10,2007,127,102,0.6,0.6,32665,49643,2.0,329,989029
92,1,0,1444,124,92,0.8,2.4,99178,22756,2.0,211,1118126
77,7,1,1692,118,76,6.4,18.8,1062718,22681,2.5,168,1087544
69,10,0,3430,366,152,7.2,23.2,274847,27494,1.4,148,1084952
76,19,12,5315,437,423,4.19,1.2,262877,50135,1.0,320,971347
87,2,1,1116,97,62,0.4,0.6,298029,57307,2.6,3771,1771147
79,84,37,3277,261,221,4.4,2.8,253538,87740,5.2,240,1081061
83,0,0,2210,135,69,0.4,0.4,226358,24348,2.6,236,1742238
81,14,18,498,58,35,2.2,2.2,94619,27799,1.2,393,1813523
78,10,3,3180,433,390,5.01,1.4,271335,136601,3.4,625,958091
81,8,0,3454,394,323,3.4,1.0,208051,178541,1.0,159,997997
66,217,2,2358,130,151,3.41,3.81,197593,265851,2.8,169,1014346
92,43,50,1532,178,80,1.2,1.2,153622,48096,2.8,3403,1534949
89,16,5,2809,284,101,1.0,0.8,59725,12710,4.2,7209,1379947
85,4,1,2753,225,143,1.0,1.2,930934,362163,4.2,116,1543341
88,14,0,1800,193,122,1.6,4.79,1102299,39041,1.5,1359,989162
91,18,4,1734,177,113,0.8,2.2,381629,48488,2.0,221,1008517
94,1,0,591,74,48,1.2,2.0,96343,17447,3.2,234,1719037
96,515,575,202,36,27,0.2,0.2,908,10669,1.0,6609,1856976
98,3,2,267,35,30,0.2,0.2,9632,14033,1.0,647,1748749
96,1,0,452,46,48,0.4,0.4,12705,45613,3.2,1241,1712851
91,5,2,1476,103,90,1.6,1.6,181487,89106,2.4,615,1534014
95,9,7,1193,48,39,0.2,0.2,5602,23886,2.8,902,973503
94,4,3,1500,100,104,0.4,1.4,9224,28250,1.0,440,1045754
91,13,13,2035,148,121,0.2,0.2,254255,299557,1.3,1408,1018692
88,26,23,2106,238,183,2.2,0.8,65300,29634,1.7,195,1076550
91,12,8,942,91,72,1.2,1.2,14671,34954,4.6,524,1023150
75,17,8,2105,204,135,6.4,18.0,135636,28884,4.0,143,1090653
97,21,27,199,11,31,0.2,0.2,9439,24923,1.0,7911,1880848
98,2,1,208,17,17,0.2,0.2,7212,8911,1.0,7244,1861541
83,17,22,612,73,56,2.2,2.2,166890,35369,1.8,311,1803770
78,7,4,4425,306,241,2.81,5.01,154513,63102,2.0,168,995703
94,0,0,2595,174,146,0.2,0.2,84039,82244,1.0,156,1751064
87,5,4,1958,248,102,0.6,1.2,147350,68937,2.0,160,990064
92,2,0,385,35,25,1.8,1.8,125918,34085,1.6,8201,1868654
94,13,12,3185,232,124,0.2,0.2,186795,178492,3.6,3702,1346824
95,6,6,1143,100,67,0.4,1.0,92840,29857,1.0,676,991750
96,0,0,876,81,61,0.2,0.2,2073,23892,2.3,445,990339
89,1,0,4093,171,102,0.2,0.2,156218,37170,2.5,1044,1015238
82,4,2,3652,267,322,2.4,0.8,98603,523740,3.2,422,1015224
84,5,1,3075,134,108,4.79,3.19,92817,23032,3.0,489,1746229
91,3,1,2838,212,153,0.8,1.0,38724,46621,2.5,1197,1058146
93,54,5,2288,217,183,0.8,0.8,143018,79772,3.0,1391,1532322
95,14,12,903,105,92,0.6,0.8,44847,29587,1.2,230,1016176
91,42,53,764,64,50,1.4,1.6,44710,27568,2.2,635,1036734
91,0,0,2310,163,61,0.2,0.2,8993,50725,2.0,1378,1753942
97,2,1,189,15,30,0.2,0.2,8656,15489,1.0,7202,1874064
83,2,0,516,53,30,2.6,2.6,78884,23095,2.4,922,1789414
90,4,1,2931,123,77,1.4,5.4,189194,2538,3.2,582,1411947
98,22,32,243,28,24,0.2,0.2,673,4066,2.0,148,1716640
66,12,4,3870,162,96,2.0,6.6,415969,37617,5.8,162,1290510
72,27,2,4332,507,422,7.8,3.2,375370,26815,1.5,1970,1077070
88,0,0,1743,123,72,0.2,0.2,132643,50785,2.0,599,1768939
78,8,0,2722,267,221,1.2,2.8,674717,254025,2.0,395,1048712
92,4,1,3028,204,158,1.6,0.6,303218,17160,2.8,161,1709837
94,15,14,2238,204,113,0.2,0.2,183180,180325,4.0,1230,1598811
96,5,2,378,59,49,0.6,3.6,45580,39395,2.2,2092,1720181
75,44,0,3700,410,200,3.39,5.79,544367,247202,2.0,180,1118221
88,52,48,4380,344,257,0.8,0.6,232167,101473,5.8,228,1294933
95,1,1,912,47,39,0.4,1.8,9071,14411,2.2,1121,1718784
93,4,2,1492,219,99,0.4,0.4,241235,231696,4.2,1642,1604389
78,16,1,5420,560,450,6.59,1.8,190506,64355,3.8,2525,1640078
92,0,0,1927,64,88,0.2,0.2,22556,61561,2.2,375,1759814
98,1,0,874,14,20,0.2,0.2,570,6276,1.4,556,1752872
92,1,1,1535,69,62,0.2,0.2,10996,26527,1.2,7709,1871584
87,14,6,2795,232,144,3.0,3.8,103958,65649,1.0,171,993523
88,45,51,3855,184,200,1.8,1.8,226375,171511,4.8,1533,1640438
97,1,1,190,37,19,0.2,0.2,244154,224365,2.6,3659,1819845
94,1,0,956,173,86,1.0,0.6,469212,30623,3.6,143,1704136
95,0,0,2367,97,139,0.2,0.2,31548,37969,2.0,838,1720995
71,38,4,3790,289,156,6.19,18.76,305886,115692,4.0,139,1089752
96,1,0,520,112,42,0.2,0.4,168661,164328,3.0,929,1749128
73,2,1,3274,245,176,0.4,0.8,303552,102946,2.8,1161,1043141
83,62,77,4386,399,275,3.8,1.6,151336,30028,4.6,860,1395843
90,3,0,3988,220,202,0.4,0.8,40409,127057,3.2,2760,1647885
92,70,37,3511,278,184,0.6,1.8,136622,69549,2.8,305,1339018
88,9,2,1470,218,185,5.4,1.6,145547,12325,1.0,7240,1864706
94,21,24,333,35,29,0.8,0.8,50320,9400,1.4,1803,1781719
88,53,72,3728,209,185,0.6,0.6,222399,271021,4.6,1171,1327197
97,13,19,978,63,53,0.2,0.2,5099,18390,2.2,1040,1718776
96,0,0,200,32,31,0.2,0.2,700,15435,1.0,605,1727257
89,5,4,2207,178,98,1.0,2.2,34542,25834,2.2,1111,1128755
90,6,3,2822,113,92,0.8,2.59,179136,99896,2.2,264,1517261
96,1,0,810,55,68,0.2,0.2,3885,15299,2.0,378,1016666
94,2,1,356,40,47,0.8,0.6,17697,18709,1.0,2832,1773406
96,0,0,2288,61,60,0.2,0.2,22154,28667,2.6,521,1759688
98,0,0,256,45,21,0.2,0.2,254806,15333,1.0,7321,1863888
92,16,22,349,24,15,1.6,1.6,33103,18390,1.2,7758,1865076
99,1,1,152,9,16,0.2,0.2,3027,16568,1.0,8321,1863768
97,2,0,456,80,75,0.2,0.2,37484,44629,1.0,574,1751778
0,22,19,1615,375,124,0.8,0.8,687553,537619,552.0,89,11
91,15,14,2060,534,207,0.2,0.2,638967,667864,1.7,351,1044085
91,50,64,1275,109,104,0.6,0.6,26991,58709,6.8,305,1056435
98,0,0,455,65,32,0.2,0.2,16881,7823,1.0,218,1756128
60,10,0,4065,279,142,9.8,37.6,224594,29644,1.7,244,1034034
97,1,1,2680,102,91,0.2,0.2,2612,5061,2.2,2927,1413368
85,165,144,3417,233,128,3.8,3.0,112558,74099,6.0,476,1307589
96,1,0,535,36,61,0.4,0.4,1068,38349,1.0,5962,1864144
98,0,0,356,56,23,0.2,0.2,340971,51221,1.6,7491,1868151
98,0,0,259,17,34,0.4,0.4,17865,13867,1.0,7188,1874112
88,0,0,3028,807,601,0.2,0.2,13703,22683,2.2,1183,1719400
97,1,1,1107,47,26,0.2,0.2,9887,13536,1.0,8188,1836408
84,9,1,2714,368,272,4.6,4.0,179782,115412,3.4,810,1541016
80,16,3,2926,157,123,2.4,7.6,212406,28189,3.8,725,1317494
69,36,27,2641,230,161,8.98,21.56,47204,29349,3.0,328,1104260
82,3,0,5026,603,161,2.6,4.0,115599,207586,2.6,269,1017270
91,0,0,3017,266,130,0.4,0.4,20466,111084,2.2,521,1023338
96,1,0,510,85,58,0.2,0.2,1802,5367,2.2,406,1717720
81,8,2,3488,273,134,6.0,5.0,101956,53951,1.8,427,1008350
84,44,56,2303,246,153,2.2,4.4,1225925,1104543,1.7,174,1015101
90,15,2,3028,211,147,0.4,0.4,116391,11256,4.6,398,1309442
56,87,57,3900,216,143,12.38,33.93,220639,88324,2.0,165,1104481
81,5,0,4222,692,530,2.0,6.6,614486,379180,1.0,357,1092782
92,5,0,2877,102,83,0.2,0.2,70516,4055,2.2,649,1412344
95,6,2,1746,176,39,0.4,0.6,53078,35289,1.4,6830,1826608
0,26,16,3638,534,238,1.6,3.6,1071680,590668,1805.0,71,29
95,0,0,799,42,28,0.2,0.2,1445,16223,1.0,691,1731210
81,51,72,3680,234,179,0.6,1.2,176480,86286,7.2,203,1308542
98,1,0,505,35,33,0.2,0.2,3027,21246,2.2,1861,1074888
90,1,1,4795,175,168,0.6,0.8,13037,346069,2.0,1024,1378904
0,67,47,1880,369,144,2.4,3.2,558976,549673,771.0,87,13
86,5,0,2014,171,95,4.0,3.6,127863,8310,2.2,1512,1747224
83,10,1,4871,522,431,1.0,1.8,708698,295910,1.0,261,1044677
96,0,0,384,106,78,0.2,0.2,373825,348459,2.4,1321,1762056
92,1,1,1826,214,195,0.6,0.6,24066,37270,1.3,138,1102162
96,2,1,637,102,95,0.4,0.2,37606,49019,1.5,391,1092827
69,74,49,2688,176,103,11.0,32.2,57714,38484,7.0,314,1096333
