rej,a1cx,a1cy,b2x,b2y,a2pop,a3pop,temp,mxql
0.000781,-0.412644,0.054628,-0.339779,0.297336,0.773948,0.616632,0.666621,5
0.001846,-0.313195,-0.171599,-0.412235,-0.4429,1.365918,0.550403,0.830856,8
0.002677,-0.33147,-0.184575,-0.187512,0.044372,0.858202,1.125513,0.375309,6
0.004197,0.160016,-0.33057,-0.476284,0.253455,0.069651,0.178474,0.660147,5
0.006268,0.199303,-0.282787,0.243618,-0.176959,1.576402,1.483737,0.796675,8
0.006672,0.32517,0.131597,0.249689,0.323902,0.642907,0.62036,0.632522,6
0.006823,-0.244823,-0.015832,-0.372977,0.011578,0.004995,0.493505,0.623186,6
0.010079,-0.19646,0.313397,-0.215692,-0.257786,0.650094,1.025277,0.438545,6
0.010645,0.031172,0.181165,0.184299,-0.152658,0.014073,1.899138,0.246466,8
0.01138,0.19841,0.090226,-0.183897,-0.150857,0.906296,0.562056,0.525838,5
0.011557,-0.324386,0.185224,0.056368,0.296471,1.368547,0.936908,0.564886,8
0.013366,-0.011194,0.010837,0.431552,0.191348,2.481438,0.723728,0.691497,8
0.015198,0.045543,0.076766,0.002399,-0.204831,1.700298,0.389422,0.629393,8
0.023197,-0.488153,0.137635,0.237783,-0.248882,2.234886,1.090279,0.31742,6
0.025862,-0.392325,-0.363076,-0.220703,-0.273959,1.39192,1.352396,0.558472,5
0.036933,0.237002,-0.461247,0.10854,0.056994,1.177251,1.434159,0.484478,5
0.042033,0.387421,0.120288,-0.283013,-0.493851,1.633187,1.463362,0.793987,5
0.042958,0.475107,-0.417136,-0.22013,0.185193,3.375636,0.166002,0.638574,6
0.045611,-0.441032,-0.37891,0.469336,0.214923,1.197647,1.885867,0.556071,7
0.046364,0.086815,-0.10707,0.349673,-0.37049,1.155411,2.288254,0.615525,5
0.04772,-0.074448,-0.455529,-0.018142,-0.304014,1.855838,1.94511,0.962137,6
0.054684,0.071142,0.415881,0.038839,-0.070148,2.675952,0.548345,0.946761,6
0.069224,0.235679,-0.089097,0.360273,0.065401,0.776109,2.816018,0.544997,5
0.071086,-0.210489,0.418443,-0.30985,0.437108,0.559565,3.580103,0.876149,6
0.074089,-0.162299,0.27846,-0.435398,-0.40429,3.113408,0.74644,0.268681,7
0.088931,-0.43079,0.37744,0.370286,-0.225599,3.486448,0.590413,0.558155,6
0.099327,-0.404491,-0.480398,0.064192,-0.26389,4.517149,0.4187,0.335246,7
0.103481,-0.34228,-0.277799,-0.164102,-0.261384,3.617123,2.637648,0.830981,8
0.105365,-0.371727,-0.472663,0.082303,0.152143,2.5134,2.599895,0.454615,5
0.108355,-0.097241,0.121074,0.221198,0.232316,5.525552,1.202141,0.958702,5
0.114824,-0.461225,0.499977,0.385334,-0.162515,4.369108,1.252846,0.509934,5
0.11734,0.077896,0.414646,0.33227,-0.120178,3.655409,1.239439,0.698781,5
0.121756,0.194544,-0.262674,-0.116441,0.39026,3.98887,2.422138,0.821057,5
0.122295,-0.058337,-0.396546,0.191592,0.214687,5.195519,0.684427,0.701881,7
0.136286,-0.22172,-0.068602,-0.302807,0.027727,0.958296,4.811817,0.605888,5
0.136551,-0.147034,-0.307275,0.480487,-0.336127,3.986536,2.995441,0.742523,7
0.14032,-0.156086,0.161297,0.435506,-0.130359,1.61792,4.532651,0.882424,8
0.167499,0.446718,0.371972,-0.428168,0.211856,2.599864,1.794563,0.284003,6
0.172565,0.282268,-0.090672,-0.094886,0.031259,0.933302,4.419505,0.876127,7
0.174035,-0.340291,0.111112,-0.060043,-0.234217,1.628741,5.953013,0.583034,7
0.174201,-0.065111,-0.383052,-0.211327,0.202885,0.601576,5.645215,0.943676,5
0.182059,0.17878,-0.355959,0.430741,-0.192785,4.826293,1.930289,0.558912,8
0.183432,-0.458768,0.03628,-0.074317,0.248452,5.186254,2.382083,0.593179,6
0.186292,-0.181809,0.428398,-0.167914,0.120137,4.418097,3.252153,0.891329,5
0.189421,-0.318109,-0.490881,-0.321694,0.114887,0.609407,5.524746,0.472962,5
0.206742,-0.464324,0.499391,0.481687,0.175829,0.981082,6.833809,0.227634,5
0.207557,-0.445339,-0.070024,-0.136243,-0.263818,1.563164,5.699711,0.656825,7
0.220404,0.393007,0.14069,-0.333628,0.221831,2.52636,2.557013,0.310025,5
0.231971,0.092012,0.206318,0.222036,-0.13909,1.830502,4.689025,0.437157,5
0.241482,0.299495,0.192281,-0.397101,0.367733,4.482179,3.205556,0.535501,7
0.271273,0.443281,0.144872,-0.347407,0.124175,1.731962,5.787591,0.699631,8
0.286161,0.30005,0.283327,0.047057,-0.232242,0.149758,7.52306,0.810755,5
0.289766,-0.080681,0.106088,0.193076,-0.318016,9.883444,0.219615,0.574763,7
0.294042,0.202147,-0.084661,0.060534,0.29376,3.271239,5.519938,0.629949,6
0.302245,-0.374834,0.221931,-0.391028,-0.001612,5.365054,5.536827,0.805273,5
0.32606,0.303579,0.240518,0.00618,0.318314,8.759827,1.710805,0.600039,8
0.332724,-0.312041,-0.350503,-0.362997,0.285968,8.264362,2.805756,0.381826,8
0.364832,-0.039451,0.182008,-0.113222,0.498566,4.749323,7.386889,0.574377,5
0.390799,0.024171,0.177334,0.109395,0.040134,5.843295,6.151937,0.696479,8
0.402247,0.358986,-0.415714,0.20683,0.274019,13.247411,0.04362,0.95342,8
0.408458,-0.187747,-0.388566,0.291927,0.420539,2.567729,9.087842,0.641094,5
0.493033,-0.399792,-0.258076,0.289992,0.176655,8.677639,5.293098,0.653011,7
0.517215,-0.447545,0.278869,-0.297162,0.110367,0.398995,17.849755,0.410893,6
0.54397,0.495092,-0.1434,0.479296,0.02572,13.243675,2.408167,0.350493,8
0.0,-0.367719,0.227996,0.009273,-0.001598,0.169623,0.007667,0.894188,8
0.0,-0.15326,-0.362974,0.23831,0.403317,0.031439,0.015714,0.539841,7
0.0,0.19268,0.391093,0.00011,0.268952,0.631667,0.22797,0.827761,8
0.000976,0.293773,-0.43176,0.33714,0.10933,0.374925,0.169195,0.427092,7
0.002425,0.354242,-0.248544,0.025783,-0.088392,0.698643,0.45118,0.700669,8
0.004575,-0.134853,0.281204,0.125123,-0.328031,0.431419,1.207681,0.778345,6
0.004676,-0.424069,0.43465,0.224605,0.370077,1.286548,0.123199,0.850201,8
0.004822,-0.459015,0.448781,-0.202638,0.148287,1.570723,0.803142,0.426051,8
0.005249,-0.239042,0.225715,0.379836,0.361718,0.280718,0.65795,0.532234,5
0.008349,0.238386,0.42313,0.031209,0.445613,0.544578,1.109807,0.723325,8
0.009259,-0.245568,-0.377413,-0.370497,0.443723,1.270795,0.381688,0.656997,5
0.010727,0.272713,0.404789,0.077274,-0.484889,1.633426,0.201979,0.741793,6
0.011822,0.379082,0.359259,-0.486036,-0.048809,0.356329,0.971632,0.741436,5
0.013115,0.098595,0.484459,0.369674,0.013103,0.840203,1.027108,0.580024,7
0.017082,-0.213121,-0.333378,-0.0221,0.049934,2.688574,0.279051,0.349458,7
0.020731,0.498111,0.271053,-0.091605,0.293235,2.188086,0.675373,0.89535,5
0.020759,0.361848,-0.27873,-0.294618,-0.110111,1.331453,1.206827,0.758096,8
0.022173,0.09703,0.46821,-0.265579,0.143545,1.754733,1.229459,0.803058,5
0.022599,0.210106,0.33846,-0.001084,-0.286572,0.582998,1.01369,0.377139,6
0.027914,-0.165039,-0.460094,0.134582,-0.361174,1.850681,1.051594,0.635768,7
0.02848,-0.283734,0.112755,0.476897,0.046405,1.976248,1.43494,0.70524,8
0.028797,0.041245,-0.109582,0.332767,-0.18921,2.699899,0.256526,0.788435,5
0.029376,0.059605,-0.473884,0.144931,-0.21004,3.512281,0.573557,0.482735,7
0.03378,-0.498222,0.371242,0.121526,0.45169,1.441479,1.076179,0.221524,8
0.037417,-0.235864,0.343001,-0.348093,0.217544,1.453095,1.233001,0.55656,7
0.037536,0.396208,-0.075409,0.29079,0.230488,1.192507,2.185604,0.146548,7
0.038087,0.384045,0.110288,-0.024665,-0.434142,3.162107,0.051931,0.878918,6
0.055244,0.217372,-0.481124,0.28173,0.359213,2.150055,1.392607,0.360568,8
0.063785,0.496547,-0.121505,0.427759,-0.366682,0.35038,2.710913,0.320074,6
0.069731,-0.141775,0.425175,0.267356,0.447012,2.638234,1.366847,0.596662,7
0.074005,-0.174923,-0.401199,-0.367021,-0.071922,1.259344,2.954588,0.77896,6
0.075513,0.046099,-0.110406,-0.475378,0.324816,2.150237,1.640732,0.849958,6
0.076292,0.004336,-0.119819,0.17808,0.253482,1.763668,2.057541,0.616136,6
0.080153,-0.000986,-0.062326,-0.247502,-0.164028,2.493369,1.758857,0.441728,7
0.083002,0.441559,0.430861,-0.242637,0.158608,0.970854,1.780342,0.318574,6
0.08337,-0.072833,-0.14071,-0.476033,-0.120438,3.160699,0.683446,0.554207,5
0.104817,0.415661,-0.083108,0.083179,0.309465,5.046645,0.455632,0.778616,6
0.108173,-0.332971,-0.224378,-0.140571,0.451716,4.957024,1.380749,0.959761,8
0.115851,-0.285248,-0.322727,0.211955,0.486255,1.8823,3.014753,0.255196,6
0.122694,0.108853,-0.42421,0.267954,-0.205814,3.827155,2.80421,0.884868,7
0.139066,-0.497734,0.220322,0.364681,0.022738,3.233371,3.045552,0.635994,5
0.143236,-0.141226,0.110365,-0.084996,0.314954,0.794307,4.00983,0.66023,5
0.143685,-0.428658,0.410538,-0.471276,0.345427,2.301842,3.554567,0.918994,8
0.144036,-0.062822,-0.14588,0.337941,-0.269067,1.654297,4.508992,0.610703,8
0.170675,-0.045669,-0.280096,0.125784,0.368002,3.716077,1.083282,0.376696,6
0.210406,0.321437,0.450742,0.482251,0.0415,1.826632,4.319197,0.184849,5
0.244601,-0.470813,-0.31094,0.430095,0.090836,2.168878,4.804476,0.362801,6
0.244908,0.366079,0.352093,0.270445,0.241521,2.993033,4.530324,0.728574,6
0.245827,-0.026433,-0.036669,0.077342,0.226932,4.14946,3.719941,0.707905,5
0.275972,-0.070378,-0.475624,0.217786,-0.113568,0.077973,7.506063,0.489488,8
0.288721,0.156528,0.316355,0.394235,-0.439238,6.534916,3.35456,0.781716,7
0.319069,0.048287,-0.267594,-0.391522,-0.440544,0.598804,5.811339,0.338502,6
0.362561,0.048869,0.008811,-0.40654,0.337957,3.423066,3.070843,0.168131,8
0.367078,-0.242627,0.09622,-0.455553,0.310013,9.560663,2.298486,0.689448,5
0.398237,-0.17357,0.03346,0.261367,-0.344012,6.845767,6.864821,0.644717,5
0.401604,0.412373,0.389183,-0.225094,0.001425,3.029607,8.399478,0.76411,7
0.490761,0.052447,-0.265524,0.221175,0.340219,8.976603,5.124644,0.903001,6
0.513843,0.180792,0.405107,-0.037608,0.117095,14.015866,0.233729,0.82298,5
0.540003,0.452928,0.427485,-0.267507,-0.026395,12.53715,2.52926,0.14821,8
0.594858,0.177068,0.184903,-0.227172,0.117249,11.790704,6.130179,0.727759,5
0.677218,-0.253727,-0.1721,0.350392,0.471406,18.340456,3.759561,0.213214,7
0.0,-0.479237,-0.270571,-0.117324,0.209519,0.366714,0.191783,0.871085,7
0.001541,-0.494846,0.251921,-0.037198,-0.210562,1.411569,0.00333,0.430539,7
0.002976,0.14914,0.064033,0.098992,0.204562,1.515687,0.984742,0.554026,7
0.005224,0.032081,-0.446537,-0.206633,0.254288,0.785396,0.398773,0.673431,5
0.005529,-0.427664,-0.284278,-0.470567,0.310521,0.263929,1.547062,0.826457,6
0.005886,0.029938,0.069352,-0.250055,-0.093842,1.787854,0.01593,0.850355,5
0.006748,-0.209848,-0.324849,-0.144975,0.176472,1.177912,0.453754,0.28715,8
0.007485,-0.228711,0.115031,0.222175,-0.49667,0.466784,0.755664,0.652059,8
0.010949,-0.045957,0.245724,0.295821,-0.466241,0.974889,0.499049,0.876976,7
0.011249,-0.460457,0.223364,-0.002488,-0.17895,2.025563,0.271089,0.791759,5
0.012312,0.105698,-0.403759,-0.47993,-0.200596,0.24294,1.380846,0.437782,6
0.013708,0.357192,0.497639,0.188604,-0.159772,1.501168,0.185199,0.869636,5
0.017957,-0.057695,0.146906,-0.152707,0.037768,1.98271,0.545098,0.215835,6
0.022814,0.317084,-0.141981,-0.387531,-0.297462,0.292102,1.856906,0.832677,7
0.025157,0.004632,-0.443859,0.11265,-0.069199,1.856807,0.746178,0.653366,5
0.027037,-0.483065,0.302208,0.307038,0.24951,1.081858,2.770055,0.736872,8
0.028994,0.113643,0.427573,0.153259,-0.2297,0.468726,2.117023,0.315685,7
0.030004,0.045804,0.240072,-0.056375,-0.16726,1.348476,2.293772,0.792681,7
0.031944,0.183606,-0.163896,0.20262,-0.298092,3.228018,0.736854,0.291473,8
0.035126,0.377148,-0.22834,-0.265674,-0.408178,2.627174,0.790639,0.458392,8
0.035849,0.088507,-0.046792,0.312618,-0.27604,3.360677,0.292576,0.681216,5
0.039825,0.102364,-0.297566,0.054449,0.471347,0.020786,2.733865,0.92029,5
0.048583,-0.35884,-0.317242,-0.15944,0.227326,3.184443,0.492651,0.355587,8
0.052425,-0.419298,0.006607,0.360022,0.392593,2.013636,1.491544,0.639921,8
0.05426,0.018366,0.361026,0.479807,0.11755,2.495555,1.586564,0.320383,8
0.085979,-0.421239,-0.450287,-0.469901,-0.488099,0.696672,2.901072,0.649808,6
0.096343,-0.226707,0.420237,0.269792,-0.445109,3.521432,2.037989,0.742434,6
0.105514,0.286989,-0.056219,0.056457,-0.134979,3.712295,2.131566,0.594504,7
0.11103,0.424395,0.040337,0.077935,-0.014196,2.717109,1.892826,0.532232,5
0.116295,0.019987,-0.342529,0.115647,0.377728,5.15272,0.780736,0.497685,8
0.117332,0.334192,-0.463377,0.075572,0.135324,3.475627,2.384498,0.805524,7
0.124284,-0.154745,-0.199156,0.239084,0.307019,5.878285,0.148439,0.110768,7
0.132273,-0.27524,-0.039012,0.424782,0.157418,3.983588,1.148934,0.658354,6
0.134518,0.409268,0.301519,-0.434738,0.238819,1.369742,2.949839,0.843386,6
0.136076,-0.378511,0.072753,-0.005237,-0.030289,2.244117,3.533021,0.574022,7
0.152888,0.236403,0.483122,0.035599,-0.354521,1.397144,4.80882,0.839801,8
0.156002,-0.392442,0.377689,-0.200224,0.205749,4.659922,1.962598,0.361549,5
0.185677,-0.372977,0.379196,-0.002693,-0.192,1.448843,6.138292,0.734685,5
0.187324,0.301159,-0.428259,0.144559,-0.329719,0.503639,6.232502,0.48077,6
0.195116,0.075318,-0.368007,0.422688,0.127217,4.844516,2.867062,0.681362,7
0.204349,-0.317494,0.132292,0.362442,0.053342,5.458172,2.97503,0.865952,6
0.212715,0.38063,-0.444495,0.268534,0.01346,8.032833,1.768548,0.847496,7
0.213458,-0.475232,-0.46299,-0.063467,0.454836,1.204899,6.007382,0.408041,5
0.214628,-0.31448,-0.382623,0.237045,0.282994,1.350677,5.991823,0.236645,7
0.249164,0.492323,0.371959,0.010745,0.021012,7.173998,2.114361,0.598655,6
0.257301,0.355273,0.383592,-0.202029,-0.126401,2.96107,4.255814,0.466932,5
0.279159,0.49806,0.166809,0.028517,-0.439716,3.038752,4.988649,0.51181,7
0.320501,-0.027906,-0.003441,-0.286698,0.422124,6.528398,4.119888,0.326815,7
0.353509,0.092228,0.191975,-0.499965,-0.354181,2.156342,4.674255,0.199333,8
0.360837,0.089572,0.463765,-0.482034,-0.274431,8.975301,4.280082,0.564443,5
0.373731,-0.013786,-0.287318,-0.041322,-0.265874,6.544678,5.983242,0.651665,8
0.386535,0.153082,-0.026689,-0.119947,0.388265,0.267083,8.428169,0.477061,7
0.473526,-0.374876,-0.389752,-0.017685,-0.372735,1.335461,10.26456,0.33892,6
0.473994,0.271199,0.280251,-0.316191,0.170074,4.007904,11.452424,0.496526,5
0.486033,0.329288,0.483586,0.427032,0.475236,11.151356,4.264978,0.296448,8
0.0,-0.222555,0.257287,-0.255886,0.000763,0.19388,0.421716,0.795018,7
0.000778,0.37798,-0.308318,-0.343767,-0.409624,0.746777,0.194071,0.555947,8
0.002445,0.100382,-0.257152,0.075391,-0.465011,0.527527,0.43823,0.471127,6
0.004614,0.412952,-0.462713,0.136848,-0.144848,2.028534,0.096134,0.529613,8
0.004972,-0.287167,-0.102249,-0.187954,0.179121,1.660048,0.634133,0.576942,7
0.005076,0.427349,0.103193,0.310822,-0.049864,0.59584,0.191256,0.579765,8
0.005701,-0.358782,0.3241,-0.057797,0.090112,0.07016,2.132129,0.664942,8
0.006084,-0.2993,-0.182421,-0.429636,0.365555,0.732346,0.771943,0.496345,8
0.00841,0.291801,-0.302349,-0.375963,-0.258216,0.152541,1.077704,0.655766,8
0.010695,0.480332,-0.448891,0.032287,-0.002009,0.844421,1.316667,0.807933,6
0.011284,0.275146,-0.177079,-0.003885,-0.031806,2.145779,0.33965,0.42118,7
0.013174,-0.460332,0.097653,-0.266403,-0.397473,0.31489,1.844095,0.695729,6
0.01566,0.467139,0.04354,0.248721,-0.042597,0.914505,1.165436,0.501496,7
0.016534,0.314901,0.064187,-0.407961,-0.153725,1.382711,1.41234,0.773959,6
0.016748,0.302925,-0.17431,-0.094721,-0.015987,0.080151,1.45768,0.535158,5
0.022569,0.016953,0.134291,0.156378,0.03907,1.290696,0.779757,0.367237,5
0.023697,0.304388,-0.343362,-0.056966,-0.049807,2.008796,1.21635,0.876514,8
0.02999,-0.236142,-0.378059,0.327398,-0.439445,1.166593,1.732727,0.462345,7
0.030776,-0.383915,0.151524,0.168191,0.288247,3.830753,0.259551,0.4078,8
0.031579,-0.054672,-0.477785,-0.265679,-0.262518,2.367538,0.51547,0.476913,6
0.03381,0.279124,0.378476,-0.330712,-0.16421,1.734637,0.160196,0.407321,5
0.037019,0.338934,-0.028196,-0.084955,-0.394197,1.610635,1.319715,0.911535,5
0.042577,0.332177,0.481551,-0.296473,-0.138483,1.972471,0.538716,0.764804,8
0.044248,-0.117093,-0.225668,0.376043,0.087224,0.109869,2.601449,0.67313,6
0.045409,0.365438,0.290282,-0.046581,-0.499254,2.154768,0.270424,0.903549,5
0.048123,0.22112,-0.427191,0.365517,0.388739,2.827946,0.447735,0.727027,6
0.052285,-0.207024,-0.127747,-0.160392,-0.06515,2.649607,1.699815,0.680893,7
0.059074,0.489449,0.004389,0.339988,0.322824,1.012591,1.903683,0.398606,5
0.059449,-0.254145,0.36308,0.022811,-0.454303,1.373277,1.746695,0.301206,8
0.0625,-0.496482,0.353756,-0.287366,0.32677,3.736602,1.172239,0.627694,8
0.068544,0.363616,-0.124479,-0.253181,-0.275632,2.099727,2.179047,0.758421,7
0.0708,-0.121485,-0.013458,-0.493774,-0.444271,0.313681,3.691137,0.847516,8
0.071523,-0.106304,-0.158502,-0.044812,-0.265182,1.350115,2.991924,0.337838,6
0.072779,0.4157,-0.497957,-0.310624,0.426787,3.157131,0.377338,0.736911,7
0.072821,-0.259524,-0.366549,-0.045508,-0.340319,2.584577,2.019125,0.562409,5
0.073348,0.484598,-0.448036,-0.331042,0.164848,3.804752,0.741505,0.817422,6
0.07507,-0.493562,-0.221102,-0.428661,0.347142,0.622515,3.35305,0.728852,5
0.083236,-0.348401,-0.043795,0.475329,0.490886,1.326878,3.049364,0.779946,5
0.08502,0.185333,0.260176,-0.260006,0.467646,3.72528,0.909392,0.612629,8
0.088538,-0.293686,-0.243273,0.387232,-0.344322,0.021757,4.103957,0.657316,7
0.091124,-0.350931,0.238535,-0.142927,0.025167,4.54392,1.34399,0.498323,5
0.092039,-0.186773,-0.127182,0.034119,0.223431,2.902592,3.096847,0.673983,5
0.093235,-0.000647,0.255133,0.307739,0.384661,3.534877,1.859123,0.70256,7
0.100682,-0.329887,0.459852,0.408904,-0.22124,6.149255,0.963615,0.663771,7
0.101827,0.091393,-0.284922,0.177253,0.077608,2.26709,3.609776,0.730871,8
0.102022,-0.396384,0.071372,-0.314046,-0.049649,4.571329,1.247298,0.750769,6
0.102151,0.417474,-0.352074,-0.086022,0.125965,1.120006,3.730644,0.664232,6
0.104444,-0.212496,-0.463971,0.179417,0.18769,2.94859,2.274197,0.687221,5
0.10782,-0.052481,0.244,0.485712,-0.118909,3.390598,1.484297,0.868651,5
0.111221,-0.284878,-0.228301,-0.059887,0.202461,0.944993,3.906211,0.454111,7
0.11811,-0.361124,-0.093138,0.338665,-0.158883,2.186896,2.789638,0.838474,5
0.125,-0.3228,-0.248998,-0.203413,0.074024,0.972484,3.913563,0.856473,5
0.128138,-0.174343,-0.488405,0.446222,-0.13891,4.556912,1.508901,0.901564,6
0.131618,-0.0185,-0.135804,0.091178,-0.125412,2.157072,4.145026,0.678424,8
0.135263,0.321056,-0.326685,-0.367871,-0.231095,4.045374,3.56446,0.81354,8
0.138049,-0.340004,-0.318382,0.350736,0.2579,3.702346,3.556284,0.169645,6
0.144371,-0.490975,-0.322929,0.028744,-0.31462,0.960486,4.894335,0.736626,6
0.164684,0.413905,0.262921,-0.03197,0.343642,2.02201,4.275216,0.714569,7
0.16926,0.370899,0.331189,-0.392581,0.477311,0.361616,4.644092,0.764436,6
0.174849,0.334448,-0.334607,0.1862,0.488722,2.488665,4.052907,0.675731,7
0.189024,0.230009,-0.123668,0.276888,-0.153776,1.686124,4.139752,0.613651,5
0.189511,-0.08107,-0.27142,-0.249612,-0.315325,0.114518,5.096311,0.877202,6
0.197309,0.393369,-0.46743,0.203888,0.445939,1.680849,4.505625,0.724412,6
0.208527,-0.488513,0.197777,-0.494,-0.21419,1.305616,2.342189,0.210975,8
0.209983,0.246199,-0.366266,-0.120446,-0.353929,0.845825,4.934383,0.505415,7
0.210088,-0.393225,-0.491257,-0.476474,-0.06815,3.611672,3.790044,0.569796,8
0.21588,-0.476902,-0.031268,0.067116,-0.444426,2.549693,5.637632,0.914837,5
0.216995,0.244856,0.173748,-0.44453,-0.26371,4.467052,3.554346,0.936585,8
0.237743,-0.481798,-0.232555,0.286815,-0.312657,5.284701,4.703253,0.501149,8
0.23951,-0.304844,-0.365258,-0.352701,0.420124,0.35612,7.817054,0.704403,8
0.242361,0.134794,0.086851,0.453564,-0.17838,0.619602,7.767331,0.775618,8
0.251229,-0.498161,0.084456,-0.334844,-0.258914,0.959779,6.056168,0.841714,5
0.253666,-0.074848,-0.317813,0.35773,0.217587,0.068631,9.085649,0.683392,8
0.255145,-0.330028,0.236519,0.265372,-0.44363,5.204575,3.241979,0.597763,5
0.259815,-0.165045,0.050052,0.423922,0.083214,1.761632,6.267575,0.807198,8
0.262647,0.024009,-0.471512,-0.410726,0.478332,4.974058,4.83533,0.625313,6
0.283623,-0.259804,-0.033597,-0.049303,-0.143292,9.628001,0.428395,0.32553,7
0.286007,-0.126666,-0.231041,0.048823,0.180256,7.622106,2.860889,0.344242,6
0.28671,-0.112019,-0.488555,0.175374,0.102066,1.372088,6.366427,0.899916,6
0.286738,-0.45579,-0.128272,0.367741,-0.439914,8.690752,1.54185,0.390392,8
0.287166,0.381068,-0.135569,0.483932,0.227642,4.627793,4.556978,0.87534,5
0.287926,-0.474472,0.206329,-0.298893,0.278206,1.169406,6.056467,0.176248,6
0.288982,-0.133316,0.064739,-0.352969,-0.383542,2.098791,7.675028,0.644986,7
0.289945,-0.033408,0.197151,0.066641,0.274207,11.686234,0.970713,0.674746,8
0.291976,0.34257,0.235083,-0.004969,-0.161342,4.969803,3.565761,0.535093,5
0.296279,-0.039799,0.036488,-0.296698,-0.473887,0.212809,8.540654,0.564552,5
0.296607,-0.004862,0.116704,-0.42083,-0.2238,9.241599,0.316407,0.778197,7
0.296835,0.467825,-0.317954,0.286446,0.281913,4.085061,5.511838,0.248633,7
0.297542,-0.116727,0.415671,-0.243472,0.354884,0.752724,6.622259,0.222846,5
0.299437,0.013521,-0.005821,0.140708,-0.149819,1.913381,6.13116,0.388665,6
0.300041,-0.237196,0.025352,0.151785,-0.187441,1.45135,7.355266,0.59607,8
0.300384,0.427514,-0.274391,-0.251441,-0.460283,5.974892,5.820721,0.785996,6
0.300866,-0.458369,-0.323357,-0.135398,-0.408669,7.386484,2.22904,0.038388,7
0.301115,0.067665,-0.382401,0.41784,0.160024,0.04234,8.438623,0.412554,7
0.301149,0.107642,-0.002438,-0.450483,-0.206261,2.202424,3.250926,0.259051,8
0.301859,0.382927,0.007974,-0.266538,-0.427407,6.840682,0.177241,0.20374,8
0.302691,-0.39843,0.003553,0.045572,-0.073001,0.425157,11.802802,0.830736,7
0.303803,0.462407,-0.439425,0.266711,0.254116,1.264901,8.54025,0.536092,7
0.305256,0.482361,0.020783,-0.224671,-0.207377,2.808029,6.969972,0.578654,7
0.305885,0.052851,-0.340452,-0.115651,0.212024,1.172715,6.728245,0.493676,7
0.307158,-0.258439,-0.174035,-0.231115,0.32575,4.992946,4.713722,0.708133,7
0.307631,-0.054976,-0.125306,-0.119658,0.175541,9.837182,1.226539,0.881997,5
0.307856,-0.274259,0.156118,-0.468156,-0.476119,0.124184,3.049343,0.171235,8
0.308525,0.077442,-0.485079,0.293457,-0.276883,6.196928,3.33241,0.436527,7
0.308552,-0.045036,0.470324,-0.011847,0.110902,3.044277,6.941727,0.573926,5
0.309519,-0.01385,0.398831,0.350732,-0.048483,5.116083,5.509035,0.577314,7
0.30989,-0.468869,-0.290573,-0.189919,-0.107229,2.609186,6.718774,0.810413,6
0.30993,0.472475,-0.321058,0.221047,0.207495,7.595479,2.958058,0.120258,5
0.310606,-0.063988,-0.28161,0.012284,0.358879,7.105968,1.962494,0.712168,8
0.311275,0.401722,-0.374,0.275195,0.294887,3.475459,6.12175,0.780035,5
0.313682,-0.398158,-0.346255,0.324509,-0.419721,4.399405,4.761868,0.519566,5
0.313808,-0.047988,0.404531,0.073856,-0.489098,1.243151,5.558569,0.220216,5
0.314385,0.128455,-0.258925,0.154055,-0.439933,4.644169,6.573643,0.694195,7
0.315102,-0.29327,0.461574,0.22314,0.094815,2.762259,6.701357,0.44619,7
0.315409,0.253807,-0.251236,0.143195,0.077403,0.852267,8.0789,0.27925,6
0.316845,-0.494265,0.165432,-0.107198,-0.178384,0.620062,9.47762,0.943789,8
0.316931,-0.139518,0.443703,-0.405955,-0.319815,4.274551,2.517391,0.163044,5
0.317576,0.077848,-0.110002,-0.1898,-0.347894,1.129008,8.321638,0.614795,7
0.318904,-0.267833,-0.331608,-0.475295,-0.099186,2.625347,7.217522,0.685326,7
0.31959,-0.393095,0.359061,0.319186,0.364672,3.409895,6.942737,0.788812,6
0.323726,-0.279509,-0.103755,0.268796,-0.385735,8.278569,2.924507,0.909209,6
0.323851,-0.013728,0.241879,-0.321556,0.059728,1.731924,4.301223,0.204507,6
0.324187,0.438927,0.116371,-0.184338,0.361645,8.810379,1.012666,0.81877,5
0.324455,0.441093,-0.036652,-0.476511,-0.413698,4.925592,7.192046,0.940253,8
0.325478,-0.095172,0.229639,0.101577,-0.369436,4.365483,3.654592,0.13847,5
0.327244,-0.422538,0.404131,0.251545,0.340826,2.175464,9.529709,0.285066,6
0.327722,-0.012275,-0.165525,-0.180362,0.457809,0.720064,6.754506,0.494696,7
0.327787,0.47974,-0.124476,0.232611,-0.242198,5.026892,4.20563,0.538399,8
0.327808,0.31856,0.155546,0.178925,-0.290118,1.837718,7.799678,0.724083,8
0.3285,0.182342,-0.171614,-0.302183,-0.42685,2.708393,4.147818,0.205624,5
0.328957,0.049694,0.305422,0.191595,0.225999,8.624988,1.569229,0.429981,8
0.329126,0.144076,-0.295566,-0.403814,0.484467,0.700062,6.665349,0.407093,5
0.329157,-0.169047,-0.402985,0.005144,0.407646,3.926879,5.524757,0.369864,6
0.330782,-0.134113,-0.378463,0.118326,0.009569,3.560016,5.691977,0.484957,5
0.334408,-0.463957,-0.010651,-0.479027,0.417506,2.205187,9.085602,0.735922,7
0.33527,0.120937,0.423895,0.463529,-0.199544,2.792652,6.772443,0.455967,6
0.33529,-0.052615,-0.28591,-0.130516,-0.024829,6.272872,3.85328,0.493025,5
0.336325,-0.482033,0.139982,-0.422671,-0.350181,1.896584,9.937261,0.634073,5
0.336557,-0.06366,-0.132225,0.177868,-0.354893,8.715412,3.130478,0.875632,5
0.338336,-0.137115,-0.332988,0.405146,-0.189114,0.102663,8.796748,0.706384,6
0.338583,-0.177852,-0.133602,0.042897,0.402923,13.967177,0.461469,0.606791,6
0.34038,0.405106,-0.380782,0.437262,0.016922,0.617391,8.406583,0.403475,8
0.340606,0.315726,0.444424,0.158073,-0.352444,7.716255,2.92738,0.231758,6
0.343795,0.087873,0.361489,-0.207531,0.449671,8.918369,3.525276,0.321363,8
0.343873,-0.026514,-0.237841,-0.388376,-0.412388,10.021987,0.190902,0.625147,7
0.344074,-0.16728,0.242154,0.207311,0.354805,4.77975,7.630859,0.815111,8
0.345172,0.480621,0.245904,-0.370501,-0.459096,0.519712,8.42575,0.487812,7
0.345989,-0.363312,0.187589,-0.137589,-0.415137,8.693018,3.090501,0.469217,5
0.346733,-0.455246,-0.354358,0.467334,-0.04146,7.776824,4.597074,0.727704,7
0.347171,-0.241196,-0.214299,0.271158,0.144902,0.979528,8.677229,0.648843,6
0.347659,0.471002,-0.48673,0.379131,-0.245039,2.898898,7.213219,0.72282,7
0.347851,-0.102597,0.269182,-0.0792,-0.336905,1.040385,9.038031,0.536088,8
0.348129,-0.241437,0.297866,0.351284,-0.265705,10.012772,3.093772,0.960634,8
0.34839,0.278498,-0.178938,-0.165982,-0.390545,2.705996,8.003308,0.763296,5
0.349289,-0.156148,-0.473163,-0.105614,0.451074,0.150437,10.377416,0.889716,7
0.350626,0.36457,0.443555,-0.056606,-0.391193,5.383108,3.839187,0.546407,8
0.350759,-0.177987,-0.0473,-0.284035,0.347913,8.721464,3.142264,0.943122,8
0.350936,0.448258,0.205471,0.073536,0.148606,5.40603,6.360223,0.566372,8
0.352845,-0.414222,-0.487611,-0.329986,0.168212,2.338981,9.890279,0.681766,8
0.353066,-0.355334,-0.373378,0.107364,-0.144982,11.270267,0.958144,0.538669,8
0.354276,0.114375,-0.465058,-0.164682,0.429663,5.268711,6.161432,0.490095,6
0.357236,0.011509,-0.469552,-0.401312,0.172907,1.5591,9.038815,0.63144,6
0.357515,0.497913,-0.495402,0.262001,-0.026186,0.316069,10.646649,0.817302,8
0.357652,-0.176553,-0.132363,0.29544,-0.115386,1.284863,12.092032,0.676995,7
0.35766,-0.185175,0.204194,0.254258,0.255137,0.852899,12.377031,0.837773,6
0.357755,0.230217,-0.036079,-0.188151,0.008135,2.910649,7.936431,0.357218,5
0.358264,0.49249,-0.480242,0.148683,-0.277964,4.738942,4.68959,0.490101,7
0.360037,-0.375999,-0.345017,0.281327,0.143107,1.722145,7.911021,0.628194,5
0.360856,0.151353,-0.288569,-0.013308,-0.020743,11.0668,0.48464,0.763557,8
0.361327,0.251213,-0.405815,-0.327579,-0.121335,8.699254,2.307652,0.47335,6
0.361577,-0.065814,-0.424936,-0.299756,-0.388614,4.102137,4.745234,0.252764,7
0.362105,-0.342007,-0.2598,-0.447408,0.376341,0.270008,9.397645,0.361197,7
0.362141,-0.172092,0.048637,-0.488345,-0.168828,4.689442,6.97547,0.583717,6
0.362582,0.449713,-0.466041,-0.465345,-0.231581,5.511072,6.188006,0.81655,6
0.366622,-0.138009,0.473598,0.461148,0.477835,10.210573,0.844026,0.800145,6
0.367106,-0.168188,0.060852,-0.493653,-0.039638,1.690612,8.17649,0.768817,6
0.367956,0.460165,0.411241,0.416949,-0.224556,10.560977,0.454587,0.743264,7
0.368141,0.237863,0.024644,-0.19881,0.267886,9.363587,1.484571,0.604775,8
0.369079,0.490449,-0.028404,0.058551,-0.245691,6.141594,5.969673,0.798813,7
0.369314,0.439493,-0.010617,0.196608,-0.260161,8.624526,4.856936,0.935567,7
0.370518,-0.483416,0.279507,0.156993,-0.343558,11.097715,1.38768,0.555463,6
0.372435,-0.209549,0.30862,0.293698,0.243233,5.372887,6.103579,0.916789,6
0.377691,-0.488494,-0.240877,0.192788,-0.266908,2.41092,8.788646,0.646487,5
0.379159,-0.019263,0.112515,-0.440336,-0.030828,4.268545,7.489555,0.886309,7
0.380541,0.427894,-0.029478,-0.423628,-0.027754,1.156968,8.912686,0.535949,7
0.38172,0.032538,0.244951,-0.200431,-0.028032,11.698254,0.611294,0.756974,7
0.382029,0.120485,-0.289433,0.21563,0.27047,2.747588,7.333526,0.457963,5
0.38312,0.49361,0.21931,0.036416,0.315738,1.832862,11.083611,0.622718,7
0.383171,0.050482,-0.040976,0.071351,0.197954,10.062503,0.516491,0.55158,5
0.383265,0.062164,0.005707,-0.056852,-0.450429,3.384351,6.729701,0.57478,6
0.384039,0.061818,0.23045,-0.165315,-0.044992,2.35327,7.488213,0.548696,6
0.384723,-0.011765,-0.446027,0.243121,-0.38864,5.700512,5.549511,0.314928,5
0.385386,-0.084959,-0.155708,0.229342,0.314571,12.329151,1.609587,0.875632,5
0.386333,0.357921,0.455109,-0.212882,-0.347706,5.843828,4.69923,0.885519,6
0.387344,-0.199645,0.06214,-0.156215,-0.323652,9.345908,4.080907,0.748334,6
0.387652,-0.421934,0.100387,-0.462496,-0.243204,8.488531,3.345768,0.607349,5
0.387818,-0.255,-0.111959,0.047618,0.448363,3.415823,9.939492,0.699317,6
0.387861,0.189678,0.098853,0.439782,-0.217634,3.609687,8.998125,0.59264,8
0.387988,-0.132798,0.020193,-0.154193,0.434374,5.386031,8.449004,0.502912,5
0.390244,0.499919,-0.208524,0.053697,0.335795,10.393879,3.41104,0.265028,7
0.394105,0.009476,0.068427,-0.463353,0.250035,3.104701,9.523234,0.450306,8
0.398934,0.215982,-0.266325,-0.166803,0.315821,1.711009,9.824412,0.742154,5
0.398963,-0.399228,-0.232707,-0.05456,-0.313529,7.14449,6.869001,0.452268,7
0.400259,0.024273,-0.350033,-0.301842,-0.449618,12.377837,0.988407,0.895814,7
0.40282,0.039325,0.008921,-0.193135,-0.275907,2.100949,9.830243,0.496575,7
0.405041,0.491438,0.331174,0.007068,-0.022336,0.550274,10.508003,0.90608,7
0.405111,0.357891,0.306525,-0.304886,0.106083,7.213859,6.073947,0.553873,6
0.405461,-0.383972,-0.220214,-0.263364,0.191662,11.200862,0.752465,0.903969,8
0.406824,-0.095035,-0.12008,-0.086465,-0.196052,6.180494,6.616074,0.646506,5
0.407496,0.190679,-0.173704,-0.352924,0.138417,6.910619,6.113398,0.923241,8
0.408815,0.160686,0.384149,0.486607,0.018981,4.24229,8.241282,0.753599,8
0.409113,-0.363522,-0.176887,-0.466262,0.047607,6.738304,5.462552,0.531461,8
0.40938,0.005108,0.04591,-0.186372,-0.402188,9.105022,3.103078,0.619528,6
0.413685,0.156182,-0.041313,-0.279456,0.383419,5.663779,5.924166,0.766462,6
0.415709,0.263515,0.268728,0.04236,-0.018949,2.73101,8.089607,0.471275,7
0.417177,0.13531,-0.252796,-0.18048,-0.40805,4.474782,8.214126,0.479954,5
0.420519,-0.467171,0.36049,-0.366768,-0.452408,2.236589,9.828042,0.41326,7
0.423227,-0.442385,0.086313,0.438808,0.011127,0.704904,10.831377,0.716409,6
0.425185,0.333908,0.114146,0.048312,0.023341,1.591527,7.366979,0.229512,8
0.425591,-0.274472,-0.418547,-0.326329,0.311865,2.439673,9.070195,0.481764,5
0.426466,-0.493182,0.446614,0.363133,-0.257181,9.136542,5.232222,0.463646,5
0.428593,0.238555,0.411899,0.489426,0.388566,12.333843,3.202832,0.582876,6
0.428948,-0.137883,-0.005296,-0.065753,-0.460705,9.333029,0.767194,0.087262,6
0.429211,0.236932,0.217263,0.058554,-0.283564,6.7023,6.299954,0.540977,7
0.431092,-0.45908,-0.40208,0.06754,0.403717,6.896116,8.31217,0.570324,6
0.43125,-0.28147,0.08546,-0.259207,0.38446,2.870928,8.90774,0.472606,8
0.432178,-0.101918,0.300008,0.025866,0.384322,2.590309,12.284578,0.725674,5
0.432207,-0.380319,-0.325319,-0.315239,0.167935,4.518413,10.574422,0.843573,8
0.432548,-0.267401,0.351303,-0.207534,0.171886,0.220496,10.189704,0.395324,6
0.433959,0.249315,-0.05087,0.458868,-0.039594,9.456318,5.207764,0.745375,7
0.434429,0.473718,-0.00637,-0.030189,-0.029049,7.763647,5.986091,0.562417,8
0.4375,0.137306,-0.470048,-0.205326,0.310398,0.077981,14.921499,0.506157,6
0.4392,-0.382332,0.335387,0.405973,0.397093,3.08695,10.820436,0.91556,5
0.444465,0.280274,-0.046783,-0.47643,0.148105,1.62793,8.277364,0.264649,7
0.445315,0.385963,-0.457253,-0.399185,0.150696,5.91967,6.178931,0.402902,7
0.446229,-0.442954,0.384916,0.189555,-0.414176,9.028329,5.183198,0.780426,8
0.44685,-0.347008,0.00959,-0.11849,-0.016557,5.477907,8.682377,0.648523,5
0.447345,0.111723,-0.308015,0.427002,-0.1349,4.511289,8.366412,0.643404,5
0.452165,0.175932,-0.232086,-0.365249,0.244938,10.68275,3.763078,0.769921,8
0.453049,-0.494238,0.254866,0.191849,0.22627,5.713192,6.643317,0.565205,5
0.45378,0.444274,-0.437204,-0.294602,0.309686,1.048177,13.491716,0.416494,8
0.453821,0.331999,-0.059854,-0.08574,-0.14654,1.180529,11.507364,0.372404,8
0.45517,0.164688,-0.45013,0.179058,0.457514,1.511967,10.645838,0.770285,5
0.455404,-0.294367,0.327089,0.006079,-0.423822,12.306005,0.655005,0.82812,6
0.457218,0.424004,0.187955,-0.290411,0.270542,3.115517,11.775151,0.665642,6
0.459195,0.11886,-0.290073,-0.370292,0.095785,11.111934,4.781854,0.788305,8
0.461583,0.26947,0.202948,-0.208599,0.210285,8.561817,7.552142,0.213108,6
0.462544,0.457739,-0.211263,0.298768,-0.314197,12.500823,0.207898,0.849145,8
0.463539,0.098478,-0.068279,-0.400286,-0.165718,0.517008,13.427572,0.831739,5
0.463853,-0.261926,0.14325,-0.492568,0.472757,7.255473,8.663767,0.590972,7
0.46461,0.092182,-0.167526,-0.289036,-0.196601,2.914275,7.574768,0.228344,8
0.467404,0.224013,-0.124424,-0.49121,0.00469,12.156473,5.910732,0.833916,7
0.468488,0.296778,-0.190355,-0.337229,0.485039,16.019859,0.431749,0.743139,5
0.46993,0.030123,-0.488749,0.321406,0.358819,12.453034,0.949935,0.650148,5
0.473943,-0.275481,-0.242651,-0.037264,-0.17974,1.399495,10.657997,0.28046,7
0.474508,0.182903,-0.023673,-0.239444,-0.287336,2.011079,11.913584,0.709473,8
0.483126,0.35386,0.130657,-0.063075,0.052347,1.734448,9.877274,0.435428,8
0.487186,0.337793,-0.436898,-0.431575,0.275975,12.784343,1.21779,0.344062,6
0.489926,0.12124,-0.11162,0.063489,0.186706,1.384264,13.697042,0.667624,6
0.491039,-0.333048,-0.145503,-0.220759,-0.010521,11.537538,3.411779,0.477784,8
0.491073,0.319415,0.358187,-0.406889,-0.267577,5.994919,10.395442,0.677803,6
0.493154,-0.42673,0.347832,0.480195,0.224026,5.50769,9.918301,0.503493,8
0.493649,-0.153221,-0.000927,-0.483621,0.422066,9.674546,6.788623,0.361666,5
0.495889,-0.230005,-0.132881,0.403738,0.259441,4.884537,11.90653,0.424206,8
0.498128,-0.243938,0.241116,-0.263859,0.413409,1.935743,14.390633,0.648706,8
0.498962,0.433135,-0.17009,-0.224802,0.484942,13.223253,2.235406,0.746828,6
0.500344,-0.171415,-0.292282,-0.389352,-0.150656,0.156565,16.110937,0.444108,6
0.500595,0.196643,0.049664,0.285459,0.328291,9.852794,5.798162,0.2771,6
0.501986,0.365858,0.080781,-0.009248,0.013316,12.510013,3.140326,0.834911,7
0.50427,0.439731,0.43456,-0.438728,0.155005,16.811413,2.559524,0.547346,6
0.505654,0.1354,0.368666,0.316412,0.171768,4.292338,10.875563,0.3297,7
0.506769,-0.434683,-0.42624,-0.035943,0.360736,4.302882,14.244323,0.21095,8
0.507513,-0.190538,0.053419,-0.377629,0.048297,7.059733,10.007451,0.64445,6
0.516033,-0.135559,0.012295,0.250734,0.233311,17.420665,0.959639,0.417599,7
0.523545,-0.434077,-0.291651,-0.4133,-0.487799,6.56617,12.019491,0.439633,8
0.527774,0.304728,-0.08659,0.279013,-0.438689,1.077155,13.199674,0.506234,6
0.529009,-0.356971,0.165703,-0.397493,-0.150111,1.069984,13.793716,0.497143,7
0.529833,-0.402493,0.498183,0.061133,0.264828,0.259773,18.876444,0.771543,6
0.53278,-0.496663,0.059521,0.02443,0.247899,5.214406,11.100159,0.329911,7
0.533087,0.310352,-0.165261,-0.266456,0.377543,4.763133,11.644386,0.575941,5
0.533979,-0.172239,-0.29455,-0.257439,-0.141462,6.084323,12.99657,0.667665,5
0.53505,-0.348723,0.147684,-0.23359,0.071365,12.805256,2.76209,0.448863,5
0.538221,0.162069,0.154911,-0.42366,-0.407023,17.75818,1.987661,0.516016,8
0.543346,0.433845,0.281687,0.306433,0.348391,9.73119,5.809703,0.465739,6
0.548434,0.477864,-0.247595,0.490909,-0.420367,11.914103,4.77637,0.254462,5
0.548691,0.492206,-0.057576,-0.178168,-0.057209,4.133471,11.372998,0.105743,5
0.549613,-0.040631,-0.424983,0.471564,-0.3343,13.668229,2.973973,0.556807,6
0.550996,0.290438,0.012367,0.4903,-0.323142,13.494327,2.70839,0.656218,8
0.552218,-0.263152,-0.215148,-0.316478,-0.259802,5.112004,15.351527,0.625981,7
0.559176,0.043649,0.386236,0.408523,-0.011583,11.385,8.001077,0.63257,8
0.559196,-0.363787,-0.378061,-0.398426,-0.057126,6.536915,12.270151,0.407287,5
0.561077,-0.234268,0.271923,0.103015,-0.149062,9.445607,10.736052,0.611981,7
0.569362,-0.005748,-0.357388,-0.359873,-0.393463,6.620556,14.098926,0.402847,7
0.569663,-0.251639,-0.135171,0.156105,-0.247172,0.287875,20.999706,0.660875,5
0.575532,0.295402,0.36891,-0.404218,0.380272,15.856411,4.958232,0.937171,6
0.576099,0.378787,-0.074809,0.0052,0.310867,0.440795,16.650086,0.815698,5
0.576996,0.088491,-0.259486,0.013325,-0.106462,15.155198,3.716029,0.580509,5
0.577073,0.163216,-0.056955,-0.070362,-0.007172,4.072895,17.562084,0.281365,8
0.583382,-0.30459,-0.194561,-0.332767,-0.045726,5.209432,11.227088,0.212325,5
0.58671,-0.453562,0.33604,-0.264806,0.285983,16.798806,5.197417,0.62626,7
0.59204,-0.264807,0.228199,-0.350635,0.268412,17.127527,1.11551,0.658396,8
0.594157,-0.28565,-0.429507,-0.188715,-0.420826,4.110545,16.04462,0.626339,8
0.596995,-0.391461,-0.042941,0.152197,-0.200151,7.032768,12.738496,0.820991,8
0.604983,0.234067,-0.194085,0.198645,-0.351413,14.102293,3.10912,0.665369,8
0.608171,-0.036269,0.219731,0.315117,-0.08216,0.176533,20.202591,0.673864,8
0.615712,-0.094708,-0.131982,-0.154558,0.48204,12.126747,9.091799,0.871201,7
0.63291,-0.444058,0.240835,-0.096158,0.140969,3.676106,15.99311,0.127807,7
0.652121,-0.457925,-0.39664,0.395548,0.100199,3.31231,17.644636,0.711645,5
0.670245,-0.213692,-0.42743,0.277712,-0.311263,20.956242,1.588474,0.361311,5
0.672384,-0.170319,-0.475675,-0.456962,-0.404452,6.008195,17.207501,0.648897,6
