heat,Attribute2,Attribute3,Attribute4,Attribute5,Attribute6,Attribute7,Attribute8,Attribute9,Attribute10,Attribute11,Attribute12
-7.78,nominal4,nominal14,nominal24,3996,86.0,86.0,8,105,9999,0.0,100
0.17,nominal3,nominal8,nominal21,2155,86.6,89.0,4,105,130,0.0,100
0.24,nominal3,nominal6,nominal21,2874,92.4,89.0,5,105,130,0.0,100
0.53,nominal4,nominal19,nominal22,799,79.0,65.5,3,105,130,2.0,1000
1.05,nominal4,nominal20,nominal22,1267,84.0,80.0,3,105,130,1.0,1000
1.07,nominal3,nominal7,nominal21,2996,84.0,87.0,6,105,130,0.5,100
1.07,nominal4,nominal19,nominal22,799,79.0,65.5,3,105,130,2.0,100
1.58,nominal4,nominal12,nominal24,2686,88.34,88.0,4,105,130,1.0,1000
1.71,nominal4,nominal19,nominal22,799,79.0,65.5,3,105,130,3.0,100
1.79,nominal4,nominal20,nominal24,1689,84.0,80.0,4,105,140,1.0,1000
1.94,nominal4,nominal14,nominal24,3996,86.0,86.0,8,105,9999,2.5,100
2.21,nominal4,nominal14,nominal22,3996,86.0,86.0,8,105,130,0.0,1500
2.26,nominal3,nominal5,nominal21,1997,84.0,87.0,4,105,130,0.5,1000
2.37,nominal3,nominal10,nominal21,2996,84.0,87.0,6,105,130,0.0,1000
2.38,nominal4,nominal16,nominal24,2798,89.4,81.5,6,105,130,0.5,1500
2.59,nominal4,nominal13,nominal24,3226,88.4,88.0,6,105,130,4.0,100
2.71,nominal3,nominal8,nominal21,2155,86.6,89.0,4,105,130,1.0,1000
2.81,nominal4,nominal20,nominal22,1267,84.0,80.0,3,105,130,3.5,100
2.93,nominal4,nominal20,nominal22,1267,84.0,80.0,3,105,130,2.5,1500
3.09,nominal3,nominal10,nominal22,2996,84.0,87.0,6,105,130,0.5,700
3.22,nominal4,nominal20,nominal22,1267,84.0,80.0,3,105,130,0.5,2500
3.27,nominal4,nominal20,nominal23,1689,84.0,80.0,4,105,140,2.0,100
3.39,nominal4,nominal20,nominal22,1267,84.0,80.0,3,105,130,2.0,2000
3.47,nominal3,nominal5,nominal21,1997,84.0,87.0,4,105,130,1.5,1000
3.49,nominal4,nominal6,nominal22,2874,92.4,89.0,5,105,130,1.5,1000
3.56,nominal4,nominal15,nominal24,1866,89.4,81.5,4,105,130,3.0,1000
3.61,nominal4,nominal13,nominal24,3226,88.4,88.0,6,105,130,2.0,1000
3.68,nominal4,nominal11,nominal24,2151,88.4,88.0,4,105,130,1.0,1500
3.78,nominal4,nominal19,nominal22,799,79.0,65.5,3,105,130,1.0,3500
3.95,nominal4,nominal18,nominal24,4664,89.4,81.5,10,105,130,0.0,100
4.24,nominal4,nominal19,nominal22,799,79.0,65.5,3,105,130,7.0,100
4.26,nominal4,nominal16,nominal24,2798,89.4,81.5,6,105,130,1.0,100
4.41,nominal4,nominal18,nominal24,4664,89.4,81.5,10,105,130,1.0,1000
4.42,nominal4,nominal20,nominal22,1267,84.0,80.0,3,105,130,0.0,3000
4.49,nominal4,nominal20,nominal22,1689,84.0,80.0,4,105,140,3.0,1000
4.79,nominal4,nominal11,nominal24,2151,88.4,88.0,4,105,130,3.5,1000
4.79,nominal4,nominal20,nominal22,1267,84.0,80.0,3,105,130,4.5,1500
4.81,nominal4,nominal12,nominal24,2686,88.34,88.0,4,105,130,2.5,1000
4.96,nominal4,nominal15,nominal24,1866,89.4,81.5,4,105,130,4.0,1000
5.31,nominal3,nominal5,nominal21,2299,92.4,89.0,4,105,130,2.5,1000
5.31,nominal4,nominal15,nominal24,1866,89.4,81.5,4,105,130,0.5,2000
5.52,nominal4,nominal16,nominal24,2798,89.4,81.5,6,105,130,2.0,1500
5.7,nominal4,nominal12,nominal24,2686,88.34,88.0,4,105,130,3.5,100
5.75,nominal4,nominal6,nominal22,2874,92.4,89.0,5,105,130,1.0,2000
5.89,nominal4,nominal20,nominal22,1267,84.0,80.0,3,105,130,4.5,2000
6.14,nominal4,nominal20,nominal24,1858,92.4,80.0,4,105,140,4.0,1000
6.46,nominal4,nominal19,nominal22,799,79.0,65.5,3,105,130,7.0,2500
6.64,nominal3,nominal5,nominal21,1997,84.0,87.0,4,105,130,3.5,1000
6.65,nominal4,nominal12,nominal24,2686,88.34,88.0,4,105,130,2.0,1500
6.8,nominal4,nominal12,nominal24,2686,88.34,88.0,4,105,130,4.0,100
6.86,nominal4,nominal6,nominal22,2874,92.4,89.0,5,105,130,1.5,2000
6.89,nominal3,nominal10,nominal21,2996,84.0,87.0,6,105,130,1.5,1500
6.91,nominal4,nominal6,nominal22,2874,92.4,89.0,5,105,130,2.5,1500
7.1,nominal4,nominal20,nominal22,1267,84.0,80.0,3,105,130,2.5,3000
7.22,nominal4,nominal20,nominal22,1689,84.0,80.0,4,105,140,5.0,1000
7.29,nominal4,nominal20,nominal22,1689,84.0,80.0,4,105,140,5.0,100
7.31,nominal3,nominal9,nominal21,2497,84.0,87.0,5,105,130,1.0,2000
7.5,nominal3,nominal10,nominal22,2996,84.0,87.0,6,105,130,2.0,700
7.6,nominal3,nominal5,nominal21,1997,84.0,87.0,4,105,130,4.0,1000
7.67,nominal4,nominal16,nominal24,2798,89.4,81.5,6,105,130,3.0,1500
7.68,nominal4,nominal19,nominal22,799,79.0,65.5,3,105,130,3.0,4000
7.75,nominal4,nominal14,nominal22,3996,86.0,86.0,8,105,130,1.0,2000
7.78,nominal4,nominal11,nominal24,2151,88.4,88.0,4,105,130,4.0,1500
7.88,nominal4,nominal13,nominal24,3226,88.4,88.0,6,105,130,1.5,1500
7.9,nominal4,nominal19,nominal22,799,79.0,65.5,3,105,130,5.0,3500
8.03,nominal4,nominal11,nominal24,2151,88.4,88.0,4,105,130,5.5,1000
8.27,nominal3,nominal5,nominal21,1997,84.0,87.0,4,105,130,0.5,2500
8.59,nominal4,nominal20,nominal22,1689,84.0,80.0,4,105,140,6.0,1000
8.62,nominal3,nominal5,nominal21,1997,84.0,87.0,4,105,130,4.5,1000
8.66,nominal4,nominal17,nominal24,3731,89.4,81.5,8,105,130,1.5,2000
8.72,nominal4,nominal16,nominal24,2798,89.4,81.5,6,105,130,4.0,1000
8.78,nominal3,nominal10,nominal21,2996,84.0,87.0,6,105,130,1.0,2000
9.07,nominal4,nominal20,nominal24,1858,92.4,80.0,4,105,140,4.0,2000
9.27,nominal4,nominal11,nominal24,2151,88.4,88.0,4,105,130,5.0,1500
9.4,nominal4,nominal15,nominal24,1866,89.4,81.5,4,105,130,7.0,1000
9.43,nominal4,nominal18,nominal24,4664,89.4,81.5,10,105,130,2.5,1000
9.48,nominal4,nominal17,nominal24,3731,89.4,81.5,8,105,130,2.5,100
9.48,nominal4,nominal20,nominal22,1267,84.0,80.0,3,105,130,2.5,3500
9.88,nominal4,nominal20,nominal22,1689,84.0,80.0,4,105,140,7.0,100
9.97,nominal4,nominal20,nominal24,1689,84.0,80.0,4,105,140,5.0,2000
10.12,nominal4,nominal20,nominal22,1267,84.0,80.0,3,105,130,3.0,3500
10.14,nominal4,nominal19,nominal22,799,79.0,65.5,3,105,130,17.0,100
10.19,nominal4,nominal15,nominal24,1866,89.4,81.5,4,105,130,7.5,1000
10.21,nominal4,nominal20,nominal22,1267,84.0,80.0,3,105,130,12.5,100
10.27,nominal4,nominal19,nominal22,799,79.0,65.5,3,105,130,15.0,1000
10.49,nominal3,nominal10,nominal22,2996,84.0,87.0,6,105,130,2.5,1000
10.51,nominal4,nominal13,nominal24,3226,88.4,88.0,6,105,130,3.0,1500
10.53,nominal4,nominal13,nominal24,3226,88.4,88.0,6,105,130,6.0,100
10.81,nominal3,nominal5,nominal21,2299,92.4,89.0,4,105,130,1.5,2500
10.97,nominal3,nominal8,nominal21,2155,86.6,89.0,4,105,130,7.0,100
10.98,nominal4,nominal18,nominal24,4664,89.4,81.5,10,105,130,2.5,1500
11.12,nominal4,nominal14,nominal24,3996,86.0,86.0,8,105,9999,2.5,1000
11.14,nominal3,nominal5,nominal21,2299,92.4,89.0,4,105,130,0.0,3000
11.14,nominal4,nominal20,nominal24,1689,84.0,80.0,4,105,140,8.0,100
11.27,nominal3,nominal9,nominal21,2497,84.0,87.0,5,105,130,1.5,2500
11.46,nominal3,nominal5,nominal21,1997,84.0,87.0,4,105,130,7.0,100
11.46,nominal4,nominal6,nominal22,2874,92.4,89.0,5,105,130,3.5,2000
11.63,nominal3,nominal6,nominal21,2874,92.4,89.0,5,105,130,4.5,1000
11.84,nominal3,nominal6,nominal23,2497,84.0,87.0,5,105,130,4.5,100
12.05,nominal3,nominal8,nominal21,2155,86.6,89.0,4,105,130,7.5,100
12.1,nominal3,nominal6,nominal23,2497,84.0,87.0,5,105,130,3.0,1500
12.43,nominal4,nominal20,nominal22,1267,84.0,80.0,3,105,130,2.5,4000
12.56,nominal4,nominal20,nominal22,1267,84.0,80.0,3,105,130,10.5,2000
12.63,nominal4,nominal11,nominal24,2151,88.4,88.0,4,105,130,8.5,100
12.74,nominal3,nominal8,nominal21,2155,86.6,89.0,4,105,130,1.5,3000
12.82,nominal4,nominal6,nominal22,2874,92.4,89.0,5,105,130,1.0,3000
12.85,nominal4,nominal20,nominal22,1689,84.0,80.0,4,105,140,1.0,3500
13.07,nominal3,nominal6,nominal21,2874,92.4,89.0,5,105,130,4.0,1500
13.12,nominal4,nominal20,nominal23,1689,84.0,80.0,4,105,140,9.0,1000
13.41,nominal4,nominal15,nominal24,1866,89.4,81.5,4,105,130,5.0,2500
13.45,nominal3,nominal5,nominal21,2299,92.4,89.0,4,105,130,4.0,2000
13.51,nominal3,nominal6,nominal21,2874,92.4,89.0,5,105,130,1.5,2500
13.57,nominal3,nominal5,nominal21,1997,84.0,87.0,4,105,130,0.0,3500
13.57,nominal4,nominal15,nominal24,1866,89.4,81.5,4,105,130,0.0,3500
14.0,nominal3,nominal6,nominal21,2874,92.4,89.0,5,105,130,6.5,100
14.03,nominal4,nominal14,nominal22,3996,86.0,86.0,8,105,130,0.0,3000
14.14,nominal4,nominal14,nominal22,3996,86.0,86.0,8,105,130,5.5,100
14.18,nominal4,nominal20,nominal23,1689,84.0,80.0,4,105,140,10.0,100
14.27,nominal3,nominal6,nominal23,2497,84.0,87.0,5,105,130,5.5,100
14.29,nominal3,nominal10,nominal22,2996,84.0,87.0,6,105,130,4.5,700
14.32,nominal3,nominal8,nominal21,2155,86.6,89.0,4,105,130,8.5,100
14.36,nominal3,nominal5,nominal21,2299,92.4,89.0,4,105,130,3.0,2500
14.57,nominal4,nominal17,nominal24,3731,89.4,81.5,8,105,130,4.5,1500
14.61,nominal4,nominal19,nominal22,799,79.0,65.5,3,105,130,10.0,3500
14.66,nominal3,nominal5,nominal21,1997,84.0,87.0,4,105,130,0.5,3500
14.93,nominal4,nominal16,nominal24,2798,89.4,81.5,6,105,130,7.0,1000
15.15,nominal3,nominal10,nominal22,2996,84.0,87.0,6,105,130,0.5,2500
15.23,nominal3,nominal7,nominal21,2996,84.0,87.0,6,105,130,3.0,2000
15.42,nominal4,nominal15,nominal24,1866,89.4,81.5,4,105,130,10.5,100
15.56,nominal4,nominal14,nominal24,3996,86.0,86.0,8,105,9999,6.0,100
15.57,nominal4,nominal12,nominal24,2686,88.34,88.0,4,105,130,3.0,2500
15.95,nominal4,nominal15,nominal24,1866,89.4,81.5,4,105,130,4.5,3000
16.05,nominal4,nominal17,nominal24,3731,89.4,81.5,8,105,130,5.0,1500
16.43,nominal4,nominal11,nominal24,2151,88.4,88.0,4,105,130,1.0,3500
16.43,nominal4,nominal20,nominal22,1689,84.0,80.0,4,105,140,5.0,3000
16.65,nominal4,nominal12,nominal24,2686,88.34,88.0,4,105,130,7.0,1500
16.76,nominal4,nominal11,nominal24,2151,88.4,88.0,4,105,130,6.0,2500
16.85,nominal4,nominal20,nominal22,1267,84.0,80.0,3,105,130,14.0,2000
17.5,nominal3,nominal5,nominal21,1997,84.0,87.0,4,105,130,9.5,100
17.56,nominal4,nominal15,nominal24,1866,89.4,81.5,4,105,130,5.5,3000
17.7,nominal4,nominal19,nominal22,799,79.0,65.5,3,105,130,6.0,5000
17.77,nominal4,nominal12,nominal24,2686,88.34,88.0,4,105,130,0.0,3500
17.94,nominal4,nominal20,nominal24,1858,92.4,80.0,4,105,140,1.0,4000
18.01,nominal3,nominal6,nominal21,2874,92.4,89.0,5,105,130,6.5,1000
18.04,nominal3,nominal8,nominal21,2155,86.6,89.0,4,105,130,10.0,100
18.92,nominal3,nominal10,nominal22,2996,84.0,87.0,6,105,130,4.5,1500
19.27,nominal3,nominal8,nominal21,2155,86.6,89.0,4,105,130,4.0,3000
19.44,nominal4,nominal14,nominal24,3996,86.0,86.0,8,105,9999,7.0,100
19.47,nominal4,nominal19,nominal22,799,79.0,65.5,3,105,130,13.0,3500
19.49,nominal4,nominal6,nominal22,2874,92.4,89.0,5,105,130,3.5,3000
19.53,nominal3,nominal6,nominal21,2874,92.4,89.0,5,105,130,2.0,3000
19.61,nominal3,nominal10,nominal22,2996,84.0,87.0,6,105,130,2.0,2500
19.82,nominal4,nominal15,nominal24,1866,89.4,81.5,4,105,130,12.5,100
20.15,nominal4,nominal6,nominal22,2874,92.4,89.0,5,105,130,7.0,2000
20.22,nominal4,nominal15,nominal24,1866,89.4,81.5,4,105,130,7.0,3000
20.33,nominal3,nominal5,nominal21,2299,92.4,89.0,4,105,130,10.0,100
20.43,nominal4,nominal20,nominal22,1689,84.0,80.0,4,105,140,9.0,2500
20.49,nominal3,nominal8,nominal21,2155,86.6,89.0,4,105,130,7.0,2000
20.65,nominal3,nominal7,nominal21,2996,84.0,87.0,6,105,130,8.0,100
20.73,nominal3,nominal5,nominal21,2299,92.4,89.0,4,105,130,7.5,1500
20.73,nominal4,nominal15,nominal24,1866,89.4,81.5,4,105,130,2.0,4200
20.74,nominal3,nominal6,nominal23,2497,84.0,87.0,5,105,130,4.5,2000
20.76,nominal4,nominal20,nominal22,1689,84.0,80.0,4,105,140,5.0,3500
20.93,nominal4,nominal20,nominal24,1858,92.4,80.0,4,105,140,11.0,2000
21.06,nominal4,nominal11,nominal24,2151,88.4,88.0,4,105,130,12.0,100
21.15,nominal4,nominal6,nominal22,2874,92.4,89.0,5,105,130,11.0,100
21.2,nominal3,nominal9,nominal21,2497,84.0,87.0,5,105,130,10.0,100
21.34,nominal3,nominal6,nominal23,2497,84.0,87.0,5,105,130,1.5,3000
21.45,nominal4,nominal18,nominal24,4664,89.4,81.5,10,105,130,1.0,3000
21.5,nominal3,nominal10,nominal22,2996,84.0,87.0,6,105,130,7.5,700
21.5,nominal4,nominal14,nominal22,3996,86.0,86.0,8,105,130,7.5,1000
21.62,nominal3,nominal9,nominal21,2497,84.0,87.0,5,105,130,7.5,1500
21.66,nominal4,nominal6,nominal22,2874,92.4,89.0,5,105,130,6.0,2500
21.77,nominal4,nominal13,nominal24,3226,88.4,88.0,6,105,130,3.5,2500
21.97,nominal4,nominal20,nominal22,1267,84.0,80.0,3,105,130,3.5,5000
22.03,nominal4,nominal14,nominal22,3996,86.0,86.0,8,105,130,5.5,2000
22.07,nominal3,nominal7,nominal21,2996,84.0,87.0,6,105,130,7.0,1000
22.29,nominal4,nominal18,nominal24,4664,89.4,81.5,10,105,130,3.0,2500
22.33,nominal4,nominal20,nominal22,1689,84.0,80.0,4,105,140,12.0,2000
22.39,nominal4,nominal20,nominal24,1858,92.4,80.0,4,105,140,15.0,1000
22.49,nominal3,nominal9,nominal21,2497,84.0,87.0,5,105,130,2.5,3500
22.92,nominal4,nominal17,nominal24,3731,89.4,81.5,8,105,130,4.5,2500
23.08,nominal3,nominal8,nominal21,2155,86.6,89.0,4,105,130,10.0,1000
23.21,nominal4,nominal13,nominal24,3226,88.4,88.0,6,105,130,7.0,2000
23.25,nominal4,nominal15,nominal24,1866,89.4,81.5,4,105,130,14.0,100
23.26,nominal3,nominal6,nominal21,2874,92.4,89.0,5,105,130,0.0,4000
23.49,nominal3,nominal5,nominal21,2299,92.4,89.0,4,105,130,4.5,3000
23.5,nominal3,nominal10,nominal21,2996,84.0,87.0,6,105,130,4.5,2500
23.91,nominal4,nominal20,nominal22,1267,84.0,80.0,3,105,130,14.0,3000
23.92,nominal4,nominal16,nominal24,2798,89.4,81.5,6,105,130,11.5,100
23.94,nominal3,nominal8,nominal21,2155,86.6,89.0,4,105,130,4.0,3500
24.09,nominal4,nominal11,nominal24,2151,88.4,88.0,4,105,130,14.0,1000
24.39,nominal4,nominal20,nominal24,1689,84.0,80.0,4,105,140,9.0,3000
24.49,nominal3,nominal9,nominal21,2497,84.0,87.0,5,105,130,4.5,3000
24.54,nominal3,nominal6,nominal23,2497,84.0,87.0,5,105,130,4.0,2500
24.55,nominal4,nominal12,nominal24,2686,88.34,88.0,4,105,130,10.5,1500
24.56,nominal4,nominal11,nominal24,2151,88.4,88.0,4,105,130,13.5,1500
24.6,nominal4,nominal14,nominal22,3996,86.0,86.0,8,105,130,9.5,100
24.63,nominal4,nominal13,nominal24,3226,88.4,88.0,6,105,130,2.0,3000
24.77,nominal4,nominal15,nominal24,1866,89.4,81.5,4,105,130,13.5,2000
25.0,nominal3,nominal6,nominal23,2497,84.0,87.0,5,105,130,10.0,100
25.09,nominal3,nominal10,nominal21,2996,84.0,87.0,6,105,130,3.5,3000
25.19,nominal3,nominal8,nominal21,2155,86.6,89.0,4,105,130,9.5,1500
25.6,nominal4,nominal15,nominal24,1866,89.4,81.5,4,105,130,15.5,1500
25.63,nominal3,nominal10,nominal22,2996,84.0,87.0,6,105,130,2.5,3000
25.81,nominal3,nominal10,nominal21,2996,84.0,87.0,6,105,130,8.5,1000
25.93,nominal4,nominal18,nominal24,4664,89.4,81.5,10,105,130,7.0,100
26.34,nominal4,nominal17,nominal24,3731,89.4,81.5,8,105,130,1.5,3500
26.55,nominal4,nominal11,nominal24,2151,88.4,88.0,4,105,130,6.5,3500
26.56,nominal4,nominal20,nominal24,1689,84.0,80.0,4,105,140,10.0,3000
26.63,nominal3,nominal8,nominal21,2155,86.6,89.0,4,105,130,0.5,5000
26.64,nominal4,nominal20,nominal24,1858,92.4,80.0,4,105,140,0.0,5000
26.71,nominal4,nominal16,nominal24,2798,89.4,81.5,6,105,130,12.5,1000
26.81,nominal3,nominal5,nominal21,2299,92.4,89.0,4,105,130,2.5,4000
26.81,nominal4,nominal6,nominal22,2874,92.4,89.0,5,105,130,9.5,2000
27.27,nominal3,nominal5,nominal21,1997,84.0,87.0,4,105,130,6.0,3000
27.28,nominal4,nominal14,nominal22,3996,86.0,86.0,8,105,130,9.5,1000
27.34,nominal3,nominal5,nominal21,2299,92.4,89.0,4,105,130,5.5,3000
27.43,nominal4,nominal20,nominal24,1689,84.0,80.0,4,105,140,8.0,3500
27.64,nominal4,nominal14,nominal22,3996,86.0,86.0,8,105,130,8.5,1500
27.65,nominal4,nominal14,nominal24,3996,86.0,86.0,8,105,9999,3.5,2000
27.85,nominal4,nominal15,nominal24,1866,89.4,81.5,4,105,130,15.0,2000
27.88,nominal4,nominal20,nominal22,1689,84.0,80.0,4,105,140,8.0,3500
27.97,nominal4,nominal15,nominal24,1866,89.4,81.5,4,105,130,5.5,4200
28.21,nominal3,nominal6,nominal23,2497,84.0,87.0,5,105,130,5.0,2500
28.27,nominal4,nominal15,nominal24,1866,89.4,81.5,4,105,130,8.5,3500
28.74,nominal4,nominal14,nominal22,3996,86.0,86.0,8,105,130,10.0,1000
29.01,nominal4,nominal6,nominal22,2874,92.4,89.0,5,105,130,12.0,1500
29.12,nominal4,nominal20,nominal24,1689,84.0,80.0,4,105,140,4.0,4500
29.17,nominal4,nominal14,nominal24,3996,86.0,86.0,8,105,9999,9.5,100
29.43,nominal4,nominal20,nominal22,1267,84.0,80.0,3,105,130,9.5,4500
29.69,nominal4,nominal15,nominal24,1866,89.4,81.5,4,105,130,5.0,4500
29.88,nominal4,nominal6,nominal22,2874,92.4,89.0,5,105,130,15.5,100
29.9,nominal4,nominal12,nominal24,2686,88.34,88.0,4,105,130,14.5,100
30.1,nominal4,nominal14,nominal22,3996,86.0,86.0,8,105,130,2.5,3500
30.15,nominal4,nominal11,nominal24,2151,88.4,88.0,4,105,130,15.5,100
30.31,nominal4,nominal20,nominal22,1267,84.0,80.0,3,105,130,7.5,5000
30.41,nominal4,nominal15,nominal24,1866,89.4,81.5,4,105,130,17.0,100
30.48,nominal4,nominal11,nominal24,2151,88.4,88.0,4,105,130,12.5,2500
30.56,nominal4,nominal15,nominal24,1866,89.4,81.5,4,105,130,3.5,5000
30.56,nominal4,nominal6,nominal22,2874,92.4,89.0,5,105,130,9.0,2500
30.58,nominal3,nominal10,nominal22,2996,84.0,87.0,6,105,130,4.0,3000
30.58,nominal3,nominal5,nominal21,1997,84.0,87.0,4,105,130,4.0,4000
30.76,nominal4,nominal20,nominal22,1267,84.0,80.0,3,105,130,15.0,3500
30.81,nominal4,nominal12,nominal24,2686,88.34,88.0,4,105,130,1.5,4500
30.88,nominal3,nominal5,nominal21,1997,84.0,87.0,4,105,130,5.5,3500
30.96,nominal4,nominal20,nominal24,1689,84.0,80.0,4,105,140,17.0,2000
31.0,nominal3,nominal10,nominal21,2996,84.0,87.0,6,105,130,0.5,4500
31.0,nominal4,nominal16,nominal24,2798,89.4,81.5,6,105,130,9.5,2500
31.03,nominal4,nominal12,nominal24,2686,88.34,88.0,4,105,130,9.5,2500
31.11,nominal4,nominal16,nominal24,2798,89.4,81.5,6,105,130,14.5,1000
31.12,nominal4,nominal20,nominal24,1689,84.0,80.0,4,105,140,12.0,3000
31.25,nominal4,nominal12,nominal24,2686,88.34,88.0,4,105,130,2.5,4200
31.5,nominal4,nominal20,nominal22,1267,84.0,80.0,3,105,130,8.0,5000
31.6,nominal3,nominal5,nominal21,2299,92.4,89.0,4,105,130,6.5,3000
31.61,nominal4,nominal11,nominal24,2151,88.4,88.0,4,105,130,2.5,5000
31.66,nominal4,nominal12,nominal24,2686,88.34,88.0,4,105,130,7.5,3000
31.7,nominal4,nominal20,nominal23,1689,84.0,80.0,4,105,140,7.0,4000
31.84,nominal4,nominal17,nominal24,3731,89.4,81.5,8,105,130,7.0,2500
31.87,nominal3,nominal9,nominal21,2497,84.0,87.0,5,105,130,2.0,4500
31.89,nominal4,nominal14,nominal24,3996,86.0,86.0,8,105,9999,5.0,2000
31.94,nominal4,nominal6,nominal22,2874,92.4,89.0,5,105,130,7.5,3000
32.1,nominal4,nominal12,nominal24,2686,88.34,88.0,4,105,130,15.5,100
32.13,nominal4,nominal13,nominal24,3226,88.4,88.0,6,105,130,11.5,100
32.27,nominal4,nominal20,nominal22,1689,84.0,80.0,4,105,140,12.0,3000
32.28,nominal4,nominal15,nominal24,1866,89.4,81.5,4,105,130,10.0,3500
32.37,nominal4,nominal6,nominal22,2874,92.4,89.0,5,105,130,15.0,1000
32.51,nominal4,nominal20,nominal24,1858,92.4,80.0,4,105,140,17.0,2000
32.52,nominal3,nominal6,nominal21,2874,92.4,89.0,5,105,130,10.0,1000
32.62,nominal4,nominal13,nominal24,3226,88.4,88.0,6,105,130,13.0,1000
32.91,nominal4,nominal20,nominal22,1267,84.0,80.0,3,105,130,16.0,3500
33.16,nominal4,nominal14,nominal22,3996,86.0,86.0,8,105,130,11.5,1000
33.29,nominal4,nominal14,nominal24,3996,86.0,86.0,8,105,9999,7.5,1500
33.31,nominal4,nominal18,nominal24,4664,89.4,81.5,10,105,130,8.5,1500
33.37,nominal3,nominal6,nominal23,2497,84.0,87.0,5,105,130,4.5,3000
33.54,nominal3,nominal9,nominal21,2497,84.0,87.0,5,105,130,1.0,5000
33.61,nominal3,nominal5,nominal21,1997,84.0,87.0,4,105,130,7.5,3000
33.71,nominal4,nominal18,nominal24,4664,89.4,81.5,10,105,130,9.5,1000
33.74,nominal4,nominal14,nominal22,3996,86.0,86.0,8,105,130,13.0,100
33.77,nominal3,nominal10,nominal21,2996,84.0,87.0,6,105,130,4.0,3500
34.13,nominal4,nominal13,nominal24,3226,88.4,88.0,6,105,130,13.5,1000
34.51,nominal4,nominal16,nominal24,2798,89.4,81.5,6,105,130,14.5,1500
34.6,nominal4,nominal18,nominal24,4664,89.4,81.5,10,105,130,7.5,2000
34.61,nominal4,nominal13,nominal24,3226,88.4,88.0,6,105,130,9.0,2500
34.73,nominal4,nominal6,nominal22,2874,92.4,89.0,5,105,130,18.0,100
34.74,nominal3,nominal9,nominal21,2497,84.0,87.0,5,105,130,5.5,3500
34.89,nominal4,nominal14,nominal24,3996,86.0,86.0,8,105,9999,6.0,2000
34.91,nominal4,nominal12,nominal24,2686,88.34,88.0,4,105,130,3.5,4200
34.94,nominal3,nominal6,nominal21,2874,92.4,89.0,5,105,130,10.5,1000
35.01,nominal3,nominal9,nominal21,2497,84.0,87.0,5,105,130,9.5,2000
35.02,nominal4,nominal11,nominal24,2151,88.4,88.0,4,105,130,16.5,2000
35.06,nominal3,nominal6,nominal21,2874,92.4,89.0,5,105,130,7.0,2500
35.08,nominal4,nominal14,nominal22,3996,86.0,86.0,8,105,130,7.5,2500
35.31,nominal3,nominal7,nominal21,2996,84.0,87.0,6,105,130,5.0,3000
35.53,nominal3,nominal10,nominal21,2996,84.0,87.0,6,105,130,9.5,1500
35.77,nominal4,nominal13,nominal24,3226,88.4,88.0,6,105,130,4.0,3500
35.95,nominal4,nominal6,nominal22,2874,92.4,89.0,5,105,130,2.0,4500
36.01,nominal3,nominal10,nominal21,2996,84.0,87.0,6,105,130,3.0,4000
36.01,nominal4,nominal17,nominal24,3731,89.4,81.5,8,105,130,4.0,3500
36.16,nominal4,nominal17,nominal24,3731,89.4,81.5,8,105,130,11.5,1500
36.36,nominal4,nominal14,nominal22,3996,86.0,86.0,8,105,130,4.0,3500
36.4,nominal3,nominal5,nominal21,1997,84.0,87.0,4,105,130,2.5,5000
36.4,nominal3,nominal6,nominal21,2874,92.4,89.0,5,105,130,8.5,2000
36.41,nominal4,nominal20,nominal24,1858,92.4,80.0,4,105,140,19.0,2000
36.45,nominal4,nominal14,nominal22,3996,86.0,86.0,8,105,130,6.0,3000
36.63,nominal4,nominal11,nominal24,2151,88.4,88.0,4,105,130,6.0,4500
36.68,nominal4,nominal13,nominal24,3226,88.4,88.0,6,105,130,1.0,4500
36.78,nominal3,nominal9,nominal21,2497,84.0,87.0,5,105,130,4.5,4000
36.81,nominal4,nominal17,nominal24,3731,89.4,81.5,8,105,130,13.5,100
37.12,nominal4,nominal6,nominal22,2874,92.4,89.0,5,105,130,9.0,3000
37.25,nominal4,nominal13,nominal24,3226,88.4,88.0,6,105,130,14.0,1500
37.38,nominal4,nominal15,nominal24,1866,89.4,81.5,4,105,130,7.5,4500
37.55,nominal3,nominal8,nominal21,2155,86.6,89.0,4,105,130,4.5,4500
37.78,nominal3,nominal10,nominal22,2996,84.0,87.0,6,105,130,1.5,4500
37.81,nominal3,nominal9,nominal21,2497,84.0,87.0,5,105,130,7.5,3000
37.86,nominal3,nominal10,nominal22,2996,84.0,87.0,6,105,130,8.0,2500
37.93,nominal4,nominal13,nominal24,3226,88.4,88.0,6,105,130,2.0,4200
38.16,nominal4,nominal16,nominal24,2798,89.4,81.5,6,105,130,14.0,2000
38.37,nominal3,nominal9,nominal21,2497,84.0,87.0,5,105,130,2.0,5000
38.75,nominal4,nominal12,nominal24,2686,88.34,88.0,4,105,130,17.5,1000
39.08,nominal4,nominal18,nominal24,4664,89.4,81.5,10,105,130,11.0,1000
39.23,nominal4,nominal13,nominal24,3226,88.4,88.0,6,105,130,13.0,2000
39.49,nominal4,nominal17,nominal24,3731,89.4,81.5,8,105,130,7.0,3000
39.68,nominal4,nominal6,nominal22,2874,92.4,89.0,5,105,130,14.0,2000
39.94,nominal4,nominal11,nominal24,2151,88.4,88.0,4,105,130,16.0,2500
40.3,nominal3,nominal8,nominal21,2155,86.6,89.0,4,105,130,6.5,4000
40.61,nominal4,nominal6,nominal22,2874,92.4,89.0,5,105,130,0.5,5000
40.83,nominal4,nominal20,nominal24,1858,92.4,80.0,4,105,140,10.0,4000
40.86,nominal4,nominal13,nominal24,3226,88.4,88.0,6,105,130,1.0,5000
41.02,nominal4,nominal16,nominal24,2798,89.4,81.5,6,105,130,15.0,2000
41.19,nominal3,nominal6,nominal23,2497,84.0,87.0,5,105,130,10.5,2000
41.46,nominal3,nominal9,nominal21,2497,84.0,87.0,5,105,130,4.0,4500
41.69,nominal4,nominal17,nominal24,3731,89.4,81.5,8,105,130,15.5,100
42.41,nominal4,nominal14,nominal24,3996,86.0,86.0,8,105,9999,0.0,3500
42.46,nominal4,nominal13,nominal24,3226,88.4,88.0,6,105,130,6.0,3500
42.46,nominal4,nominal16,nominal24,2798,89.4,81.5,6,105,130,15.5,2000
42.6,nominal4,nominal12,nominal24,2686,88.34,88.0,4,105,130,15.5,2000
42.97,nominal4,nominal20,nominal24,1858,92.4,80.0,4,105,140,16.0,3000
43.03,nominal4,nominal12,nominal24,2686,88.34,88.0,4,105,130,11.0,3000
43.04,nominal4,nominal14,nominal24,3996,86.0,86.0,8,105,9999,8.5,2000
43.3,nominal4,nominal14,nominal22,3996,86.0,86.0,8,105,130,9.5,2500
43.6,nominal4,nominal6,nominal22,2874,92.4,89.0,5,105,130,13.0,2500
43.92,nominal4,nominal16,nominal24,2798,89.4,81.5,6,105,130,16.0,2000
43.93,nominal4,nominal13,nominal24,3226,88.4,88.0,6,105,130,1.5,5000
44.51,nominal3,nominal5,nominal21,2299,92.4,89.0,4,105,130,3.5,5000
45.23,nominal3,nominal6,nominal23,2497,84.0,87.0,5,105,130,1.5,4500
45.3,nominal4,nominal17,nominal24,3731,89.4,81.5,8,105,130,12.5,2000
45.36,nominal3,nominal8,nominal21,2155,86.6,89.0,4,105,130,7.5,4000
45.37,nominal4,nominal11,nominal24,2151,88.4,88.0,4,105,130,9.5,4200
45.75,nominal4,nominal6,nominal22,2874,92.4,89.0,5,105,130,16.0,2000
45.78,nominal4,nominal17,nominal24,3731,89.4,81.5,8,105,130,1.5,4500
45.92,nominal3,nominal7,nominal21,2996,84.0,87.0,6,105,130,4.0,4000
45.94,nominal4,nominal17,nominal24,3731,89.4,81.5,8,105,130,16.0,1000
45.97,nominal3,nominal5,nominal21,2299,92.4,89.0,4,105,130,8.0,3500
46.31,nominal4,nominal20,nominal23,1689,84.0,80.0,4,105,140,7.0,5000
46.54,nominal4,nominal14,nominal24,3996,86.0,86.0,8,105,9999,9.5,2000
46.65,nominal4,nominal11,nominal24,2151,88.4,88.0,4,105,130,15.5,3000
46.67,nominal4,nominal14,nominal24,3996,86.0,86.0,8,105,9999,14.0,100
46.75,nominal4,nominal14,nominal24,3996,86.0,86.0,8,105,9999,4.5,3000
46.82,nominal4,nominal13,nominal24,3226,88.4,88.0,6,105,130,17.0,1500
46.84,nominal4,nominal13,nominal24,3226,88.4,88.0,6,105,130,17.5,1000
46.88,nominal4,nominal16,nominal24,2798,89.4,81.5,6,105,130,17.0,2000
46.94,nominal3,nominal5,nominal21,1997,84.0,87.0,4,105,130,6.0,4500
46.97,nominal4,nominal16,nominal24,2798,89.4,81.5,6,105,130,5.0,4500
47.2,nominal3,nominal6,nominal23,2497,84.0,87.0,5,105,130,14.5,1500
47.58,nominal4,nominal18,nominal24,4664,89.4,81.5,10,105,130,4.5,3500
48.21,nominal3,nominal5,nominal21,2299,92.4,89.0,4,105,130,7.0,4000
48.71,nominal3,nominal10,nominal22,2996,84.0,87.0,6,105,130,2.5,5000
48.76,nominal4,nominal11,nominal24,2151,88.4,88.0,4,105,130,13.5,3500
48.79,nominal3,nominal9,nominal21,2497,84.0,87.0,5,105,130,9.5,3000
48.8,nominal3,nominal10,nominal22,2996,84.0,87.0,6,105,130,11.5,2500
48.82,nominal3,nominal5,nominal21,1997,84.0,87.0,4,105,130,10.5,3000
49.02,nominal4,nominal12,nominal24,2686,88.34,88.0,4,105,130,17.5,2000
49.2,nominal3,nominal10,nominal22,2996,84.0,87.0,6,105,130,4.0,4500
49.78,nominal4,nominal12,nominal24,2686,88.34,88.0,4,105,130,20.0,1500
49.87,nominal4,nominal16,nominal24,2798,89.4,81.5,6,105,130,18.0,2000
50.22,nominal4,nominal18,nominal24,4664,89.4,81.5,10,105,130,5.0,3500
50.53,nominal4,nominal17,nominal24,3731,89.4,81.5,8,105,130,5.0,4000
50.59,nominal4,nominal18,nominal24,4664,89.4,81.5,10,105,130,15.0,100
50.64,nominal4,nominal14,nominal24,3996,86.0,86.0,8,105,9999,12.5,1500
51.16,nominal4,nominal14,nominal24,3996,86.0,86.0,8,105,9999,0.5,4000
51.74,nominal3,nominal6,nominal23,2497,84.0,87.0,5,105,130,11.0,2500
51.96,nominal3,nominal10,nominal22,2996,84.0,87.0,6,105,130,8.0,3500
52.04,nominal4,nominal6,nominal22,2874,92.4,89.0,5,105,130,18.0,2000
52.27,nominal4,nominal12,nominal24,2686,88.34,88.0,4,105,130,16.0,2500
52.5,nominal4,nominal14,nominal24,3996,86.0,86.0,8,105,9999,15.5,100
52.54,nominal4,nominal14,nominal24,3996,86.0,86.0,8,105,9999,3.5,3500
52.79,nominal4,nominal17,nominal24,3731,89.4,81.5,8,105,130,14.5,2000
53.47,nominal3,nominal10,nominal21,2996,84.0,87.0,6,105,130,6.0,4000
54.11,nominal4,nominal12,nominal24,2686,88.34,88.0,4,105,130,19.0,2000
54.18,nominal4,nominal20,nominal24,1858,92.4,80.0,4,105,140,17.0,3500
54.31,nominal4,nominal20,nominal23,1689,84.0,80.0,4,105,140,11.0,4500
54.38,nominal4,nominal12,nominal24,2686,88.34,88.0,4,105,130,14.0,3000
54.53,nominal3,nominal10,nominal21,2996,84.0,87.0,6,105,130,11.5,2000
54.67,nominal4,nominal20,nominal24,1689,84.0,80.0,4,105,140,10.0,5000
54.87,nominal4,nominal11,nominal24,2151,88.4,88.0,4,105,130,15.0,3500
54.98,nominal4,nominal15,nominal24,1866,89.4,81.5,4,105,130,19.5,3000
55.22,nominal3,nominal8,nominal21,2155,86.6,89.0,4,105,130,12.0,3000
55.34,nominal4,nominal13,nominal24,3226,88.4,88.0,6,105,130,20.0,1000
55.76,nominal3,nominal10,nominal22,2996,84.0,87.0,6,105,130,7.0,4000
55.76,nominal3,nominal5,nominal21,2299,92.4,89.0,4,105,130,11.0,3000
55.92,nominal3,nominal9,nominal21,2497,84.0,87.0,5,105,130,6.5,4500
56.07,nominal4,nominal17,nominal24,3731,89.4,81.5,8,105,130,8.5,3500
56.22,nominal4,nominal14,nominal24,3996,86.0,86.0,8,105,9999,7.0,3000
56.47,nominal4,nominal14,nominal22,3996,86.0,86.0,8,105,130,17.0,1500
56.77,nominal3,nominal5,nominal21,1997,84.0,87.0,4,105,130,10.5,3500
57.0,nominal4,nominal14,nominal24,3996,86.0,86.0,8,105,9999,0.0,4500
57.22,nominal4,nominal18,nominal24,4664,89.4,81.5,10,105,130,8.5,3000
57.26,nominal4,nominal16,nominal24,2798,89.4,81.5,6,105,130,15.0,3000
57.41,nominal4,nominal14,nominal22,3996,86.0,86.0,8,105,130,10.5,3000
57.51,nominal4,nominal18,nominal24,4664,89.4,81.5,10,105,130,14.5,1500
57.72,nominal4,nominal17,nominal24,3731,89.4,81.5,8,105,130,13.5,2500
57.99,nominal4,nominal12,nominal24,2686,88.34,88.0,4,105,130,17.5,2500
58.14,nominal3,nominal9,nominal21,2497,84.0,87.0,5,105,130,11.0,3000
58.61,nominal3,nominal6,nominal23,2497,84.0,87.0,5,105,130,2.0,5000
58.63,nominal3,nominal9,nominal21,2497,84.0,87.0,5,105,130,5.5,5000
58.69,nominal4,nominal12,nominal24,2686,88.34,88.0,4,105,130,9.0,4200
58.97,nominal4,nominal12,nominal24,2686,88.34,88.0,4,105,130,12.5,3500
59.02,nominal3,nominal6,nominal23,2497,84.0,87.0,5,105,130,8.0,3500
59.08,nominal4,nominal13,nominal24,3226,88.4,88.0,6,105,130,16.0,2500
59.2,nominal3,nominal10,nominal22,2996,84.0,87.0,6,105,130,12.0,3000
59.22,nominal4,nominal11,nominal24,2151,88.4,88.0,4,105,130,16.0,3500
59.43,nominal3,nominal10,nominal22,2996,84.0,87.0,6,105,130,4.5,5000
59.56,nominal4,nominal16,nominal24,2798,89.4,81.5,6,105,130,8.0,4500
59.69,nominal4,nominal20,nominal24,1858,92.4,80.0,4,105,140,13.0,4500
61.18,nominal4,nominal14,nominal22,3996,86.0,86.0,8,105,130,4.5,4500
61.24,nominal4,nominal18,nominal24,4664,89.4,81.5,10,105,130,13.5,2000
61.26,nominal3,nominal5,nominal21,1997,84.0,87.0,4,105,130,7.0,5000
61.59,nominal4,nominal17,nominal24,3731,89.4,81.5,8,105,130,12.0,3000
61.74,nominal3,nominal5,nominal21,1997,84.0,87.0,4,105,130,8.5,4500
62.0,nominal4,nominal20,nominal22,1267,84.0,80.0,3,105,130,18.0,5000
62.94,nominal3,nominal10,nominal22,2996,84.0,87.0,6,105,130,8.5,4000
62.95,nominal4,nominal18,nominal24,4664,89.4,81.5,10,105,130,2.5,4500
62.96,nominal4,nominal13,nominal24,3226,88.4,88.0,6,105,130,19.5,100
63.06,nominal4,nominal15,nominal24,1866,89.4,81.5,4,105,130,18.5,3500
63.15,nominal4,nominal11,nominal24,2151,88.4,88.0,4,105,130,12.0,4500
63.51,nominal4,nominal17,nominal24,3731,89.4,81.5,8,105,130,10.0,3500
63.87,nominal4,nominal16,nominal24,2798,89.4,81.5,6,105,130,14.0,3500
64.11,nominal4,nominal15,nominal24,1866,89.4,81.5,4,105,130,11.5,5000
64.56,nominal3,nominal10,nominal22,2996,84.0,87.0,6,105,130,7.0,4500
65.83,nominal4,nominal14,nominal22,3996,86.0,86.0,8,105,130,14.5,2500
66.11,nominal4,nominal13,nominal24,3226,88.4,88.0,6,105,130,11.5,3500
66.25,nominal4,nominal12,nominal24,2686,88.34,88.0,4,105,130,10.5,4200
66.4,nominal4,nominal15,nominal24,1866,89.4,81.5,4,105,130,14.0,4500
66.63,nominal3,nominal7,nominal21,2996,84.0,87.0,6,105,130,11.0,2500
66.7,nominal4,nominal18,nominal24,4664,89.4,81.5,10,105,130,0.5,5000
67.14,nominal4,nominal16,nominal24,2798,89.4,81.5,6,105,130,17.5,3000
67.23,nominal3,nominal5,nominal21,2299,92.4,89.0,4,105,130,10.0,4000
67.24,nominal3,nominal6,nominal21,2874,92.4,89.0,5,105,130,12.0,2500
67.94,nominal3,nominal10,nominal22,2996,84.0,87.0,6,105,130,9.5,4000
68.25,nominal4,nominal16,nominal24,2798,89.4,81.5,6,105,130,15.0,3500
68.46,nominal4,nominal17,nominal24,3731,89.4,81.5,8,105,130,3.5,5000
68.54,nominal4,nominal11,nominal24,2151,88.4,88.0,4,105,130,18.0,3500
69.42,nominal3,nominal10,nominal22,2996,84.0,87.0,6,105,130,12.0,3500
69.71,nominal3,nominal6,nominal21,2874,92.4,89.0,5,105,130,11.0,3000
69.83,nominal3,nominal7,nominal21,2996,84.0,87.0,6,105,130,4.5,5000
69.94,nominal4,nominal14,nominal22,3996,86.0,86.0,8,105,130,6.0,4500
70.89,nominal4,nominal17,nominal24,3731,89.4,81.5,8,105,130,4.0,5000
71.01,nominal4,nominal11,nominal24,2151,88.4,88.0,4,105,130,18.5,3500
71.18,nominal3,nominal10,nominal22,2996,84.0,87.0,6,105,130,6.5,5000
71.2,nominal3,nominal6,nominal23,2497,84.0,87.0,5,105,130,8.0,4000
71.64,nominal3,nominal5,nominal21,2299,92.4,89.0,4,105,130,12.0,3500
71.95,nominal4,nominal18,nominal24,4664,89.4,81.5,10,105,130,4.0,4500
72.45,nominal4,nominal6,nominal22,2874,92.4,89.0,5,105,130,15.0,3500
72.48,nominal3,nominal6,nominal21,2874,92.4,89.0,5,105,130,10.0,3500
72.57,nominal3,nominal10,nominal21,2996,84.0,87.0,6,105,130,10.0,3500
72.67,nominal4,nominal14,nominal22,3996,86.0,86.0,8,105,130,4.0,5000
73.91,nominal4,nominal13,nominal24,3226,88.4,88.0,6,105,130,13.0,3500
74.27,nominal3,nominal10,nominal22,2996,84.0,87.0,6,105,130,7.0,5000
74.28,nominal3,nominal6,nominal21,2874,92.4,89.0,5,105,130,6.0,5000
75.06,nominal3,nominal6,nominal23,2497,84.0,87.0,5,105,130,4.5,5000
75.35,nominal3,nominal7,nominal21,2996,84.0,87.0,6,105,130,8.0,4000
76.55,nominal4,nominal16,nominal24,2798,89.4,81.5,6,105,130,9.0,5000
78.2,nominal4,nominal13,nominal24,3226,88.4,88.0,6,105,130,17.0,3000
78.39,nominal3,nominal6,nominal21,2874,92.4,89.0,5,105,130,6.5,5000
78.43,nominal4,nominal14,nominal24,3996,86.0,86.0,8,105,9999,6.5,4000
79.94,nominal4,nominal12,nominal24,2686,88.34,88.0,4,105,130,11.5,4500
80.6,nominal4,nominal18,nominal24,4664,89.4,81.5,10,105,130,17.5,2000
80.67,nominal4,nominal14,nominal22,3996,86.0,86.0,8,105,130,17.5,2500
80.81,nominal4,nominal6,nominal22,2874,92.4,89.0,5,105,130,14.0,4000
80.84,nominal4,nominal13,nominal24,3226,88.4,88.0,6,105,130,17.5,3000
81.02,nominal4,nominal15,nominal24,1866,89.4,81.5,4,105,130,16.5,4500
81.5,nominal3,nominal9,nominal21,2497,84.0,87.0,5,105,130,11.5,4000
81.68,nominal3,nominal6,nominal23,2497,84.0,87.0,5,105,130,7.5,4500
81.95,nominal4,nominal16,nominal24,2798,89.4,81.5,6,105,130,10.0,5000
82.05,nominal3,nominal7,nominal21,2996,84.0,87.0,6,105,130,11.5,3000
82.27,nominal4,nominal13,nominal24,3226,88.4,88.0,6,105,130,14.5,3500
82.35,nominal4,nominal11,nominal24,2151,88.4,88.0,4,105,130,13.0,5000
82.91,nominal4,nominal13,nominal24,3226,88.4,88.0,6,105,130,10.5,4200
82.94,nominal4,nominal12,nominal24,2686,88.34,88.0,4,105,130,12.0,4500
83.24,nominal4,nominal14,nominal22,3996,86.0,86.0,8,105,130,18.0,2500
83.63,nominal3,nominal10,nominal22,2996,84.0,87.0,6,105,130,15.0,3500
83.71,nominal4,nominal15,nominal24,1866,89.4,81.5,4,105,130,18.5,4200
83.97,nominal4,nominal14,nominal22,3996,86.0,86.0,8,105,130,10.5,4000
84.93,nominal4,nominal18,nominal24,4664,89.4,81.5,10,105,130,6.0,4500
85.17,nominal3,nominal5,nominal21,2299,92.4,89.0,4,105,130,11.0,4500
85.92,nominal3,nominal5,nominal21,1997,84.0,87.0,4,105,130,10.5,5000
86.71,nominal4,nominal6,nominal22,2874,92.4,89.0,5,105,130,12.5,4500
87.0,nominal3,nominal6,nominal21,2874,92.4,89.0,5,105,130,7.5,5000
88.58,nominal3,nominal5,nominal21,2299,92.4,89.0,4,105,130,10.0,5000
90.72,nominal4,nominal15,nominal24,1866,89.4,81.5,4,105,130,18.0,4500
91.61,nominal3,nominal10,nominal21,2996,84.0,87.0,6,105,130,8.0,5000
91.65,nominal4,nominal12,nominal24,2686,88.34,88.0,4,105,130,15.0,4200
91.73,nominal4,nominal16,nominal24,2798,89.4,81.5,6,105,130,17.0,4000
91.8,nominal4,nominal17,nominal24,3731,89.4,81.5,8,105,130,12.5,4000
91.86,nominal4,nominal17,nominal24,3731,89.4,81.5,8,105,130,7.5,5000
91.89,nominal3,nominal6,nominal23,2497,84.0,87.0,5,105,130,9.0,4500
91.94,nominal4,nominal18,nominal24,4664,89.4,81.5,10,105,130,7.0,4500
91.96,nominal4,nominal17,nominal24,3731,89.4,81.5,8,105,130,10.0,4500
91.97,nominal4,nominal13,nominal24,3226,88.4,88.0,6,105,130,19.5,3000
91.99,nominal3,nominal7,nominal21,2996,84.0,87.0,6,105,130,7.0,5000
92.02,nominal4,nominal12,nominal24,2686,88.34,88.0,4,105,130,11.0,5000
92.02,nominal4,nominal18,nominal24,4664,89.4,81.5,10,105,130,4.5,5000
92.03,nominal4,nominal14,nominal24,3996,86.0,86.0,8,105,9999,8.5,4000
92.09,nominal4,nominal14,nominal24,3996,86.0,86.0,8,105,9999,20.0,2000
92.25,nominal4,nominal12,nominal24,2686,88.34,88.0,4,105,130,13.5,4500
92.25,nominal4,nominal14,nominal24,3996,86.0,86.0,8,105,9999,11.0,3500
92.25,nominal4,nominal18,nominal24,4664,89.4,81.5,10,105,130,14.5,3000
92.26,nominal4,nominal17,nominal24,3731,89.4,81.5,8,105,130,18.0,3000
92.27,nominal3,nominal10,nominal22,2996,84.0,87.0,6,105,130,14.0,4000
92.28,nominal3,nominal10,nominal21,2996,84.0,87.0,6,105,130,9.5,4500
92.28,nominal3,nominal6,nominal23,2497,84.0,87.0,5,105,130,14.0,3500
92.29,nominal4,nominal18,nominal24,4664,89.4,81.5,10,105,130,9.5,4000
92.37,nominal3,nominal9,nominal21,2497,84.0,87.0,5,105,130,10.0,5000
92.44,nominal4,nominal6,nominal22,2874,92.4,89.0,5,105,130,16.0,4000
92.49,nominal4,nominal18,nominal24,4664,89.4,81.5,10,105,130,12.0,3500
92.67,nominal4,nominal20,nominal24,1689,84.0,80.0,4,105,140,19.0,5000
92.7,nominal4,nominal6,nominal22,2874,92.4,89.0,5,105,130,11.0,5000
92.72,nominal3,nominal7,nominal21,2996,84.0,87.0,6,105,130,8.5,4500
92.75,nominal4,nominal20,nominal24,1858,92.4,80.0,4,105,140,18.0,5000
92.88,nominal3,nominal6,nominal23,2497,84.0,87.0,5,105,130,11.5,4000
92.96,nominal4,nominal14,nominal24,3996,86.0,86.0,8,105,9999,17.0,2500
92.97,nominal3,nominal6,nominal23,2497,84.0,87.0,5,105,130,7.0,5000
93.02,nominal3,nominal9,nominal21,2497,84.0,87.0,5,105,130,11.5,4500
93.02,nominal4,nominal14,nominal24,3996,86.0,86.0,8,105,9999,6.5,4500
93.03,nominal3,nominal6,nominal21,2874,92.4,89.0,5,105,130,11.0,4000
93.05,nominal4,nominal16,nominal24,2798,89.4,81.5,6,105,130,14.5,4500
93.09,nominal4,nominal13,nominal24,3226,88.4,88.0,6,105,130,12.0,4200
93.14,nominal3,nominal10,nominal21,2996,84.0,87.0,6,105,130,11.0,4000
93.31,nominal4,nominal14,nominal22,3996,86.0,86.0,8,105,130,17.0,3000
93.34,nominal3,nominal5,nominal21,2299,92.4,89.0,4,105,130,12.0,4500
93.45,nominal4,nominal11,nominal24,2151,88.4,88.0,4,105,130,14.5,5000
93.47,nominal4,nominal14,nominal22,3996,86.0,86.0,8,105,130,9.5,4500
93.52,nominal4,nominal16,nominal24,2798,89.4,81.5,6,105,130,12.0,5000
93.58,nominal3,nominal7,nominal21,2996,84.0,87.0,6,105,130,10.0,4000
93.7,nominal4,nominal15,nominal24,1866,89.4,81.5,4,105,130,16.0,5000
93.75,nominal4,nominal13,nominal24,3226,88.4,88.0,6,105,130,10.5,4500
94.0,nominal4,nominal17,nominal24,3731,89.4,81.5,8,105,130,15.5,3500
94.1,nominal4,nominal15,nominal24,1866,89.4,81.5,4,105,130,18.5,4500
94.15,nominal3,nominal10,nominal22,2996,84.0,87.0,6,105,130,10.0,5000
94.16,nominal3,nominal10,nominal22,2996,84.0,87.0,6,105,130,12.0,4500
94.27,nominal4,nominal11,nominal24,2151,88.4,88.0,4,105,130,18.5,4200
94.28,nominal4,nominal14,nominal22,3996,86.0,86.0,8,105,130,12.0,4000
94.34,nominal4,nominal14,nominal22,3996,86.0,86.0,8,105,130,14.5,3500
94.46,nominal4,nominal18,nominal24,4664,89.4,81.5,10,105,130,17.5,2500
94.49,nominal4,nominal16,nominal24,2798,89.4,81.5,6,105,130,17.5,4000
94.7,nominal4,nominal12,nominal24,2686,88.34,88.0,4,105,130,19.5,3500
94.73,nominal4,nominal12,nominal24,2686,88.34,88.0,4,105,130,15.5,4200
94.76,nominal3,nominal7,nominal21,2996,84.0,87.0,6,105,130,11.5,3500
94.89,nominal4,nominal13,nominal24,3226,88.4,88.0,6,105,130,20.0,3000
95.17,nominal3,nominal10,nominal22,2996,84.0,87.0,6,105,130,14.5,4000
95.18,nominal4,nominal17,nominal24,3731,89.4,81.5,8,105,130,8.0,5000
95.26,nominal3,nominal6,nominal23,2497,84.0,87.0,5,105,130,14.5,3500
95.26,nominal4,nominal17,nominal24,3731,89.4,81.5,8,105,130,10.5,4500
95.38,nominal3,nominal6,nominal23,2497,84.0,87.0,5,105,130,9.5,4500
95.42,nominal4,nominal18,nominal24,4664,89.4,81.5,10,105,130,15.0,3000
95.45,nominal4,nominal12,nominal24,2686,88.34,88.0,4,105,130,14.0,4500
95.48,nominal4,nominal12,nominal24,2686,88.34,88.0,4,105,130,11.5,5000
95.48,nominal4,nominal6,nominal22,2874,92.4,89.0,5,105,130,16.5,4000
95.55,nominal4,nominal18,nominal24,4664,89.4,81.5,10,105,130,5.0,5000
95.55,nominal4,nominal18,nominal24,4664,89.4,81.5,10,105,130,7.5,4500
95.78,nominal4,nominal14,nominal24,3996,86.0,86.0,8,105,9999,9.0,4000
95.78,nominal4,nominal14,nominal24,3996,86.0,86.0,8,105,9999,11.5,3500
95.86,nominal4,nominal18,nominal24,4664,89.4,81.5,10,105,130,10.0,4000
95.9,nominal4,nominal14,nominal24,3996,86.0,86.0,8,105,9999,17.5,2500
95.91,nominal4,nominal18,nominal24,4664,89.4,81.5,10,105,130,12.5,3500
95.92,nominal4,nominal13,nominal24,3226,88.4,88.0,6,105,130,8.5,5000
96.04,nominal4,nominal6,nominal22,2874,92.4,89.0,5,105,130,11.5,5000
96.12,nominal3,nominal6,nominal21,2874,92.4,89.0,5,105,130,8.5,5000
96.22,nominal4,nominal6,nominal22,2874,92.4,89.0,5,105,130,14.0,4500
96.24,nominal3,nominal10,nominal21,2996,84.0,87.0,6,105,130,8.5,5000
96.33,nominal4,nominal14,nominal22,3996,86.0,86.0,8,105,130,17.5,3000
96.56,nominal4,nominal16,nominal24,2798,89.4,81.5,6,105,130,12.5,5000
96.64,nominal4,nominal13,nominal24,3226,88.4,88.0,6,105,130,12.5,4200
96.65,nominal3,nominal9,nominal21,2497,84.0,87.0,5,105,130,10.5,5000
96.72,nominal3,nominal6,nominal23,2497,84.0,87.0,5,105,130,7.5,5000
96.8,nominal4,nominal14,nominal24,3996,86.0,86.0,8,105,9999,14.5,3000
96.81,nominal3,nominal6,nominal21,2874,92.4,89.0,5,105,130,10.0,4500
96.87,nominal3,nominal7,nominal21,2996,84.0,87.0,6,105,130,7.5,5000
96.9,nominal3,nominal5,nominal21,2299,92.4,89.0,4,105,130,11.0,5000
96.93,nominal3,nominal10,nominal21,2996,84.0,87.0,6,105,130,10.0,4500
97.02,nominal4,nominal14,nominal24,3996,86.0,86.0,8,105,9999,7.0,4500
97.02,nominal4,nominal17,nominal24,3731,89.4,81.5,8,105,130,16.0,3500
97.16,nominal4,nominal14,nominal22,3996,86.0,86.0,8,105,130,10.0,4500
97.27,nominal4,nominal16,nominal24,2798,89.4,81.5,6,105,130,18.0,4000
97.3,nominal4,nominal20,nominal24,1858,92.4,80.0,4,105,140,19.0,5000
97.33,nominal3,nominal9,nominal21,2497,84.0,87.0,5,105,130,12.0,4500
97.37,nominal4,nominal11,nominal24,2151,88.4,88.0,4,105,130,15.0,5000
97.37,nominal4,nominal18,nominal24,4664,89.4,81.5,10,105,130,18.0,2500
97.4,nominal3,nominal10,nominal22,2996,84.0,87.0,6,105,130,12.5,4500
97.49,nominal4,nominal13,nominal24,3226,88.4,88.0,6,105,130,17.0,3500
97.55,nominal4,nominal13,nominal24,3226,88.4,88.0,6,105,130,11.0,4500
97.59,nominal3,nominal7,nominal21,2996,84.0,87.0,6,105,130,9.0,4500
97.69,nominal3,nominal10,nominal22,2996,84.0,87.0,6,105,130,10.5,5000
97.69,nominal4,nominal14,nominal22,3996,86.0,86.0,8,105,130,15.0,3500
97.71,nominal4,nominal11,nominal24,2151,88.4,88.0,4,105,130,19.0,4200
97.72,nominal3,nominal6,nominal21,2874,92.4,89.0,5,105,130,11.5,4000
97.86,nominal4,nominal12,nominal24,2686,88.34,88.0,4,105,130,16.0,4200
97.92,nominal3,nominal5,nominal21,1997,84.0,87.0,4,105,130,12.0,5000
98.11,nominal3,nominal10,nominal22,2996,84.0,87.0,6,105,130,15.0,4000
98.21,nominal4,nominal17,nominal24,3731,89.4,81.5,8,105,130,13.5,4000
98.27,nominal3,nominal6,nominal23,2497,84.0,87.0,5,105,130,15.0,3500
98.55,nominal4,nominal6,nominal22,2874,92.4,89.0,5,105,130,17.0,4000
98.58,nominal4,nominal17,nominal24,3731,89.4,81.5,8,105,130,8.5,5000
98.63,nominal4,nominal18,nominal24,4664,89.4,81.5,10,105,130,15.5,3000
98.64,nominal4,nominal17,nominal24,3731,89.4,81.5,8,105,130,11.0,4500
98.71,nominal4,nominal12,nominal24,2686,88.34,88.0,4,105,130,14.5,4500
98.89,nominal4,nominal14,nominal24,3996,86.0,86.0,8,105,9999,18.0,2500
98.93,nominal3,nominal6,nominal23,2497,84.0,87.0,5,105,130,10.0,4500
99.39,nominal4,nominal14,nominal22,3996,86.0,86.0,8,105,130,18.0,3000
99.41,nominal4,nominal14,nominal24,3996,86.0,86.0,8,105,9999,12.0,3500
99.42,nominal3,nominal6,nominal23,2497,84.0,87.0,5,105,130,12.5,4000
99.46,nominal4,nominal6,nominal22,2874,92.4,89.0,5,105,130,12.0,5000
99.5,nominal4,nominal18,nominal24,4664,89.4,81.5,10,105,130,10.5,4000
99.51,nominal4,nominal6,nominal22,2874,92.4,89.0,5,105,130,14.5,4500
99.67,nominal4,nominal14,nominal24,3996,86.0,86.0,8,105,9999,9.5,4000
99.72,nominal3,nominal7,nominal21,2996,84.0,87.0,6,105,130,12.0,3500
100.04,nominal4,nominal14,nominal22,3996,86.0,86.0,8,105,130,8.0,5000
100.09,nominal4,nominal17,nominal24,3731,89.4,81.5,8,105,130,16.5,3500
100.15,nominal4,nominal14,nominal24,3996,86.0,86.0,8,105,9999,15.0,3000
100.26,nominal4,nominal13,nominal24,3226,88.4,88.0,6,105,130,13.0,4200
100.28,nominal4,nominal13,nominal24,3226,88.4,88.0,6,105,130,9.0,5000
100.54,nominal3,nominal6,nominal23,2497,84.0,87.0,5,105,130,8.0,5000
100.68,nominal3,nominal10,nominal22,2996,84.0,87.0,6,105,130,13.0,4500
100.73,nominal4,nominal13,nominal24,3226,88.4,88.0,6,105,130,17.5,3500
100.94,nominal4,nominal14,nominal22,3996,86.0,86.0,8,105,130,10.5,4500
101.03,nominal4,nominal12,nominal24,2686,88.34,88.0,4,105,130,16.5,4200
101.07,nominal4,nominal14,nominal22,3996,86.0,86.0,8,105,130,15.5,3500
101.11,nominal4,nominal15,nominal24,1866,89.4,81.5,4,105,130,19.5,4500
101.2,nominal4,nominal14,nominal24,3996,86.0,86.0,8,105,9999,7.5,4500
101.21,nominal3,nominal5,nominal21,2299,92.4,89.0,4,105,130,11.5,5000
101.22,nominal4,nominal11,nominal24,2151,88.4,88.0,4,105,130,19.5,4200
101.28,nominal3,nominal10,nominal22,2996,84.0,87.0,6,105,130,11.0,5000
101.32,nominal4,nominal15,nominal24,1866,89.4,81.5,4,105,130,17.0,5000
101.39,nominal4,nominal11,nominal24,2151,88.4,88.0,4,105,130,15.5,5000
101.43,nominal4,nominal13,nominal24,3226,88.4,88.0,6,105,130,11.5,4500
101.49,nominal4,nominal14,nominal22,3996,86.0,86.0,8,105,130,13.0,4000
101.49,nominal4,nominal17,nominal24,3731,89.4,81.5,8,105,130,14.0,4000
101.58,nominal3,nominal6,nominal21,2874,92.4,89.0,5,105,130,10.5,4500
101.66,nominal4,nominal6,nominal22,2874,92.4,89.0,5,105,130,17.5,4000
101.71,nominal3,nominal10,nominal21,2996,84.0,87.0,6,105,130,10.5,4500
101.87,nominal3,nominal7,nominal21,2996,84.0,87.0,6,105,130,8.0,5000
101.89,nominal4,nominal18,nominal24,4664,89.4,81.5,10,105,130,16.0,3000
101.93,nominal4,nominal14,nominal24,3996,86.0,86.0,8,105,9999,18.5,2500
101.98,nominal4,nominal16,nominal24,2798,89.4,81.5,6,105,130,16.0,4500
102.02,nominal4,nominal12,nominal24,2686,88.34,88.0,4,105,130,15.0,4500
102.08,nominal4,nominal17,nominal24,3731,89.4,81.5,8,105,130,9.0,5000
102.16,nominal4,nominal11,nominal24,2151,88.4,88.0,4,105,130,18.0,4500
102.53,nominal3,nominal6,nominal23,2497,84.0,87.0,5,105,130,10.5,4500
102.54,nominal3,nominal6,nominal21,2874,92.4,89.0,5,105,130,12.0,4000
102.56,nominal4,nominal12,nominal24,2686,88.34,88.0,4,105,130,12.5,5000
102.66,nominal3,nominal10,nominal21,2996,84.0,87.0,6,105,130,12.0,4000
102.76,nominal3,nominal6,nominal23,2497,84.0,87.0,5,105,130,13.0,4000
102.85,nominal4,nominal16,nominal24,2798,89.4,81.5,6,105,130,13.5,5000
102.85,nominal4,nominal6,nominal22,2874,92.4,89.0,5,105,130,15.0,4500
102.87,nominal4,nominal18,nominal24,4664,89.4,81.5,10,105,130,13.5,3500
102.95,nominal4,nominal6,nominal22,2874,92.4,89.0,5,105,130,12.5,5000
103.05,nominal4,nominal18,nominal24,4664,89.4,81.5,10,105,130,8.5,4500
103.15,nominal4,nominal14,nominal24,3996,86.0,86.0,8,105,9999,12.5,3500
103.2,nominal4,nominal17,nominal24,3731,89.4,81.5,8,105,130,17.0,3500
103.2,nominal4,nominal18,nominal24,4664,89.4,81.5,10,105,130,11.0,4000
103.58,nominal3,nominal7,nominal21,2996,84.0,87.0,6,105,130,11.0,4000
103.59,nominal4,nominal14,nominal24,3996,86.0,86.0,8,105,9999,15.5,3000
103.7,nominal4,nominal14,nominal24,3996,86.0,86.0,8,105,9999,10.0,4000
103.95,nominal4,nominal14,nominal22,3996,86.0,86.0,8,105,130,8.5,5000
103.96,nominal4,nominal13,nominal24,3226,88.4,88.0,6,105,130,13.5,4200
104.03,nominal3,nominal10,nominal22,2996,84.0,87.0,6,105,130,13.5,4500
104.26,nominal4,nominal12,nominal24,2686,88.34,88.0,4,105,130,17.0,4200
104.49,nominal4,nominal14,nominal22,3996,86.0,86.0,8,105,130,16.0,3500
104.72,nominal4,nominal15,nominal24,1866,89.4,81.5,4,105,130,20.0,4500
104.73,nominal4,nominal13,nominal24,3226,88.4,88.0,6,105,130,9.5,5000
104.82,nominal4,nominal14,nominal22,3996,86.0,86.0,8,105,130,11.0,4500
104.83,nominal4,nominal17,nominal24,3731,89.4,81.5,8,105,130,14.5,4000
104.83,nominal4,nominal6,nominal22,2874,92.4,89.0,5,105,130,18.0,4000
104.94,nominal3,nominal10,nominal22,2996,84.0,87.0,6,105,130,11.5,5000
105.18,nominal4,nominal14,nominal22,3996,86.0,86.0,8,105,130,13.5,4000
105.18,nominal4,nominal18,nominal24,4664,89.4,81.5,10,105,130,16.5,3000
105.28,nominal4,nominal15,nominal24,1866,89.4,81.5,4,105,130,17.5,5000
105.38,nominal4,nominal12,nominal24,2686,88.34,88.0,4,105,130,15.5,4500
105.38,nominal4,nominal13,nominal24,3226,88.4,88.0,6,105,130,12.0,4500
105.56,nominal4,nominal14,nominal24,3996,86.0,86.0,8,105,9999,8.0,4500
105.58,nominal4,nominal17,nominal24,3731,89.4,81.5,8,105,130,12.0,4500
105.63,nominal3,nominal5,nominal21,2299,92.4,89.0,4,105,130,12.0,5000
105.65,nominal4,nominal17,nominal24,3731,89.4,81.5,8,105,130,9.5,5000
105.75,nominal3,nominal6,nominal21,2874,92.4,89.0,5,105,130,9.5,5000
105.88,nominal3,nominal10,nominal21,2996,84.0,87.0,6,105,130,9.5,5000
105.97,nominal4,nominal11,nominal24,2151,88.4,88.0,4,105,130,18.5,4500
106.07,nominal4,nominal16,nominal24,2798,89.4,81.5,6,105,130,14.0,5000
106.14,nominal3,nominal6,nominal23,2497,84.0,87.0,5,105,130,13.5,4000
106.17,nominal3,nominal6,nominal23,2497,84.0,87.0,5,105,130,11.0,4500
106.34,nominal4,nominal17,nominal24,3731,89.4,81.5,8,105,130,17.5,3500
106.44,nominal4,nominal18,nominal24,4664,89.4,81.5,10,105,130,14.0,3500
106.62,nominal3,nominal10,nominal21,2996,84.0,87.0,6,105,130,11.0,4500
106.77,nominal4,nominal18,nominal24,4664,89.4,81.5,10,105,130,6.5,5000
106.93,nominal4,nominal18,nominal24,4664,89.4,81.5,10,105,130,9.0,4500
106.97,nominal4,nominal18,nominal24,4664,89.4,81.5,10,105,130,11.5,4000
107.0,nominal4,nominal14,nominal24,3996,86.0,86.0,8,105,9999,13.0,3500
107.03,nominal3,nominal7,nominal21,2996,84.0,87.0,6,105,130,8.5,5000
107.39,nominal4,nominal13,nominal24,3226,88.4,88.0,6,105,130,18.5,3500
107.42,nominal3,nominal10,nominal22,2996,84.0,87.0,6,105,130,14.0,4500
107.54,nominal4,nominal12,nominal24,2686,88.34,88.0,4,105,130,17.5,4200
107.79,nominal3,nominal7,nominal21,2996,84.0,87.0,6,105,130,10.0,4500
107.88,nominal4,nominal14,nominal24,3996,86.0,86.0,8,105,9999,10.5,4000
107.95,nominal4,nominal14,nominal22,3996,86.0,86.0,8,105,130,9.0,5000
107.98,nominal4,nominal14,nominal22,3996,86.0,86.0,8,105,130,16.5,3500
108.2,nominal4,nominal14,nominal24,3996,86.0,86.0,8,105,9999,19.5,2500
108.24,nominal4,nominal17,nominal24,3731,89.4,81.5,8,105,130,15.0,4000
108.33,nominal3,nominal6,nominal23,2497,84.0,87.0,5,105,130,9.0,5000
108.5,nominal4,nominal18,nominal24,4664,89.4,81.5,10,105,130,17.0,3000
108.67,nominal3,nominal10,nominal22,2996,84.0,87.0,6,105,130,12.0,5000
108.76,nominal4,nominal14,nominal22,3996,86.0,86.0,8,105,130,11.5,4500
108.8,nominal3,nominal7,nominal21,2996,84.0,87.0,6,105,130,11.5,4000
108.94,nominal4,nominal14,nominal22,3996,86.0,86.0,8,105,130,14.0,4000
109.27,nominal4,nominal13,nominal24,3226,88.4,88.0,6,105,130,10.0,5000
109.29,nominal4,nominal17,nominal24,3731,89.4,81.5,8,105,130,10.0,5000
109.32,nominal4,nominal15,nominal24,1866,89.4,81.5,4,105,130,18.0,5000
109.35,nominal4,nominal16,nominal24,2798,89.4,81.5,6,105,130,14.5,5000
109.42,nominal4,nominal13,nominal24,3226,88.4,88.0,6,105,130,12.5,4500
109.54,nominal4,nominal17,nominal24,3731,89.4,81.5,8,105,130,18.0,3500
109.55,nominal3,nominal6,nominal23,2497,84.0,87.0,5,105,130,14.0,4000
109.71,nominal4,nominal6,nominal22,2874,92.4,89.0,5,105,130,16.0,4500
109.84,nominal4,nominal12,nominal24,2686,88.34,88.0,4,105,130,13.5,5000
109.86,nominal3,nominal6,nominal23,2497,84.0,87.0,5,105,130,11.5,4500
109.87,nominal4,nominal11,nominal24,2151,88.4,88.0,4,105,130,19.0,4500
110.06,nominal4,nominal18,nominal24,4664,89.4,81.5,10,105,130,14.5,3500
110.09,nominal4,nominal14,nominal24,3996,86.0,86.0,8,105,9999,8.5,4500
110.15,nominal3,nominal9,nominal21,2497,84.0,87.0,5,105,130,12.0,5000
110.7,nominal4,nominal14,nominal24,3996,86.0,86.0,8,105,9999,16.5,3000
110.72,nominal4,nominal18,nominal24,4664,89.4,81.5,10,105,130,7.0,5000
110.82,nominal4,nominal13,nominal24,3226,88.4,88.0,6,105,130,19.0,3500
110.86,nominal3,nominal10,nominal22,2996,84.0,87.0,6,105,130,14.5,4500
110.87,nominal4,nominal12,nominal24,2686,88.34,88.0,4,105,130,18.0,4200
110.88,nominal4,nominal18,nominal24,4664,89.4,81.5,10,105,130,9.5,4500
110.89,nominal3,nominal10,nominal21,2996,84.0,87.0,6,105,130,10.0,5000
110.95,nominal4,nominal14,nominal24,3996,86.0,86.0,8,105,9999,13.5,3500
111.36,nominal4,nominal16,nominal24,2798,89.4,81.5,6,105,130,17.5,4500
111.51,nominal4,nominal14,nominal22,3996,86.0,86.0,8,105,130,17.0,3500
111.53,nominal3,nominal6,nominal21,2874,92.4,89.0,5,105,130,11.5,4500
111.67,nominal3,nominal10,nominal21,2996,84.0,87.0,6,105,130,11.5,4500
111.68,nominal4,nominal17,nominal24,3731,89.4,81.5,8,105,130,15.5,4000
111.88,nominal4,nominal18,nominal24,4664,89.4,81.5,10,105,130,17.5,3000
112.06,nominal4,nominal14,nominal22,3996,86.0,86.0,8,105,130,9.5,5000
112.19,nominal4,nominal14,nominal24,3996,86.0,86.0,8,105,9999,11.0,4000
112.26,nominal4,nominal12,nominal24,2686,88.34,88.0,4,105,130,16.5,4500
112.31,nominal3,nominal6,nominal23,2497,84.0,87.0,5,105,130,9.5,5000
112.47,nominal3,nominal10,nominal22,2996,84.0,87.0,6,105,130,12.5,5000
112.71,nominal4,nominal16,nominal24,2798,89.4,81.5,6,105,130,15.0,5000
112.8,nominal4,nominal14,nominal22,3996,86.0,86.0,8,105,130,12.0,4500
113.0,nominal3,nominal6,nominal23,2497,84.0,87.0,5,105,130,14.5,4000
113.22,nominal4,nominal6,nominal22,2874,92.4,89.0,5,105,130,16.5,4500
113.47,nominal4,nominal15,nominal24,1866,89.4,81.5,4,105,130,18.5,5000
113.54,nominal4,nominal13,nominal24,3226,88.4,88.0,6,105,130,13.0,4500
113.57,nominal4,nominal12,nominal24,2686,88.34,88.0,4,105,130,14.0,5000
113.74,nominal4,nominal18,nominal24,4664,89.4,81.5,10,105,130,15.0,3500
113.85,nominal4,nominal6,nominal22,2874,92.4,89.0,5,105,130,14.0,5000
113.86,nominal4,nominal11,nominal24,2151,88.4,88.0,4,105,130,19.5,4500
113.89,nominal4,nominal13,nominal24,3226,88.4,88.0,6,105,130,10.5,5000
114.1,nominal4,nominal11,nominal24,2151,88.4,88.0,4,105,130,17.0,5000
114.26,nominal4,nominal12,nominal24,2686,88.34,88.0,4,105,130,18.5,4200
114.31,nominal4,nominal13,nominal24,3226,88.4,88.0,6,105,130,19.5,3500
114.34,nominal3,nominal10,nominal22,2996,84.0,87.0,6,105,130,15.0,4500
114.38,nominal4,nominal14,nominal24,3996,86.0,86.0,8,105,9999,17.0,3000
114.6,nominal4,nominal16,nominal24,2798,89.4,81.5,6,105,130,18.0,4500
114.71,nominal4,nominal18,nominal24,4664,89.4,81.5,10,105,130,12.5,4000
114.78,nominal4,nominal18,nominal24,4664,89.4,81.5,10,105,130,7.5,5000
114.8,nominal4,nominal14,nominal24,3996,86.0,86.0,8,105,9999,9.0,4500
114.91,nominal4,nominal18,nominal24,4664,89.4,81.5,10,105,130,10.0,4500
115.02,nominal4,nominal14,nominal24,3996,86.0,86.0,8,105,9999,14.0,3500
115.08,nominal4,nominal14,nominal22,3996,86.0,86.0,8,105,130,17.5,3500
115.18,nominal4,nominal17,nominal24,3731,89.4,81.5,8,105,130,16.0,4000
115.29,nominal4,nominal18,nominal24,4664,89.4,81.5,10,105,130,18.0,3000
115.49,nominal4,nominal13,nominal24,3226,88.4,88.0,6,105,130,15.0,4200
115.78,nominal4,nominal12,nominal24,2686,88.34,88.0,4,105,130,17.0,4500
116.03,nominal3,nominal10,nominal21,2996,84.0,87.0,6,105,130,10.5,5000
116.13,nominal4,nominal16,nominal24,2798,89.4,81.5,6,105,130,15.5,5000
116.26,nominal4,nominal14,nominal22,3996,86.0,86.0,8,105,130,10.0,5000
116.32,nominal3,nominal10,nominal22,2996,84.0,87.0,6,105,130,13.0,5000
116.49,nominal4,nominal17,nominal24,3731,89.4,81.5,8,105,130,13.5,4500
116.67,nominal4,nominal14,nominal22,3996,86.0,86.0,8,105,130,15.0,4000
116.7,nominal3,nominal6,nominal21,2874,92.4,89.0,5,105,130,12.0,4500
116.81,nominal4,nominal6,nominal22,2874,92.4,89.0,5,105,130,17.0,4500
116.85,nominal4,nominal17,nominal24,3731,89.4,81.5,8,105,130,11.0,5000
116.91,nominal4,nominal14,nominal22,3996,86.0,86.0,8,105,130,12.5,4500
117.34,nominal4,nominal12,nominal24,2686,88.34,88.0,4,105,130,14.5,5000
117.4,nominal3,nominal6,nominal23,2497,84.0,87.0,5,105,130,12.5,4500
117.47,nominal4,nominal18,nominal24,4664,89.4,81.5,10,105,130,15.5,3500
117.62,nominal4,nominal6,nominal22,2874,92.4,89.0,5,105,130,14.5,5000
117.7,nominal4,nominal15,nominal24,1866,89.4,81.5,4,105,130,19.0,5000
117.73,nominal4,nominal13,nominal24,3226,88.4,88.0,6,105,130,13.5,4500
117.86,nominal4,nominal13,nominal24,3226,88.4,88.0,6,105,130,20.0,3500
117.93,nominal4,nominal11,nominal24,2151,88.4,88.0,4,105,130,20.0,4500
118.14,nominal4,nominal14,nominal24,3996,86.0,86.0,8,105,9999,17.5,3000
118.56,nominal3,nominal7,nominal21,2996,84.0,87.0,6,105,130,11.0,4500
118.56,nominal4,nominal11,nominal24,2151,88.4,88.0,4,105,130,17.5,5000
118.6,nominal4,nominal13,nominal24,3226,88.4,88.0,6,105,130,11.0,5000
118.69,nominal4,nominal18,nominal24,4664,89.4,81.5,10,105,130,13.0,4000
118.73,nominal4,nominal17,nominal24,3731,89.4,81.5,8,105,130,16.5,4000
118.93,nominal4,nominal18,nominal24,4664,89.4,81.5,10,105,130,8.0,5000
119.04,nominal4,nominal18,nominal24,4664,89.4,81.5,10,105,130,10.5,4500
119.2,nominal4,nominal14,nominal24,3996,86.0,86.0,8,105,9999,14.5,3500
119.49,nominal4,nominal13,nominal24,3226,88.4,88.0,6,105,130,15.5,4200
119.6,nominal4,nominal16,nominal24,2798,89.4,81.5,6,105,130,16.0,5000
119.69,nominal4,nominal14,nominal24,3996,86.0,86.0,8,105,9999,9.5,4500
120.22,nominal3,nominal10,nominal22,2996,84.0,87.0,6,105,130,13.5,5000
120.26,nominal4,nominal17,nominal24,3731,89.4,81.5,8,105,130,14.0,4500
120.44,nominal4,nominal6,nominal22,2874,92.4,89.0,5,105,130,17.5,4500
120.56,nominal4,nominal14,nominal22,3996,86.0,86.0,8,105,130,10.5,5000
120.74,nominal4,nominal17,nominal24,3731,89.4,81.5,8,105,130,11.5,5000
121.11,nominal4,nominal14,nominal22,3996,86.0,86.0,8,105,130,13.0,4500
121.15,nominal3,nominal6,nominal21,2874,92.4,89.0,5,105,130,11.0,5000
121.24,nominal3,nominal6,nominal23,2497,84.0,87.0,5,105,130,13.0,4500
121.24,nominal4,nominal18,nominal24,4664,89.4,81.5,10,105,130,16.0,3500
121.25,nominal4,nominal14,nominal24,3996,86.0,86.0,8,105,9999,12.0,4000
121.3,nominal3,nominal10,nominal21,2996,84.0,87.0,6,105,130,11.0,5000
121.47,nominal4,nominal6,nominal22,2874,92.4,89.0,5,105,130,15.0,5000
121.99,nominal4,nominal14,nominal24,3996,86.0,86.0,8,105,9999,18.0,3000
122.01,nominal4,nominal13,nominal24,3226,88.4,88.0,6,105,130,14.0,4500
122.05,nominal4,nominal15,nominal24,1866,89.4,81.5,4,105,130,19.5,5000
122.72,nominal4,nominal18,nominal24,4664,89.4,81.5,10,105,130,13.5,4000
122.97,nominal4,nominal12,nominal24,2686,88.34,88.0,4,105,130,18.0,4500
123.11,nominal4,nominal11,nominal24,2151,88.4,88.0,4,105,130,18.0,5000
123.13,nominal4,nominal16,nominal24,2798,89.4,81.5,6,105,130,16.5,5000
123.25,nominal4,nominal18,nominal24,4664,89.4,81.5,10,105,130,11.0,4500
123.31,nominal3,nominal7,nominal21,2996,84.0,87.0,6,105,130,10.0,5000
123.4,nominal4,nominal13,nominal24,3226,88.4,88.0,6,105,130,11.5,5000
123.48,nominal4,nominal14,nominal24,3996,86.0,86.0,8,105,9999,15.0,3500
123.56,nominal4,nominal13,nominal24,3226,88.4,88.0,6,105,130,16.0,4200
124.09,nominal4,nominal17,nominal24,3731,89.4,81.5,8,105,130,14.5,4500
124.12,nominal4,nominal6,nominal22,2874,92.4,89.0,5,105,130,18.0,4500
124.18,nominal3,nominal7,nominal21,2996,84.0,87.0,6,105,130,11.5,4500
124.21,nominal3,nominal10,nominal22,2996,84.0,87.0,6,105,130,14.0,5000
124.71,nominal4,nominal12,nominal24,2686,88.34,88.0,4,105,130,20.0,4200
124.71,nominal4,nominal17,nominal24,3731,89.4,81.5,8,105,130,12.0,5000
124.75,nominal4,nominal14,nominal24,3996,86.0,86.0,8,105,9999,10.0,4500
124.98,nominal4,nominal14,nominal22,3996,86.0,86.0,8,105,130,11.0,5000
125.07,nominal4,nominal18,nominal24,4664,89.4,81.5,10,105,130,16.5,3500
125.12,nominal3,nominal6,nominal23,2497,84.0,87.0,5,105,130,13.5,4500
125.38,nominal4,nominal14,nominal22,3996,86.0,86.0,8,105,130,13.5,4500
125.39,nominal4,nominal6,nominal22,2874,92.4,89.0,5,105,130,15.5,5000
125.91,nominal4,nominal14,nominal24,3996,86.0,86.0,8,105,9999,18.5,3000
125.98,nominal4,nominal14,nominal24,3996,86.0,86.0,8,105,9999,12.5,4000
126.01,nominal4,nominal17,nominal24,3731,89.4,81.5,8,105,130,17.5,4000
126.36,nominal4,nominal13,nominal24,3226,88.4,88.0,6,105,130,14.5,4500
126.47,nominal4,nominal15,nominal24,1866,89.4,81.5,4,105,130,20.0,5000
126.54,nominal3,nominal6,nominal21,2874,92.4,89.0,5,105,130,11.5,5000
126.7,nominal3,nominal10,nominal21,2996,84.0,87.0,6,105,130,11.5,5000
126.83,nominal4,nominal18,nominal24,4664,89.4,81.5,10,105,130,14.0,4000
127.56,nominal4,nominal18,nominal24,4664,89.4,81.5,10,105,130,9.0,5000
127.56,nominal4,nominal18,nominal24,4664,89.4,81.5,10,105,130,11.5,4500
127.7,nominal4,nominal13,nominal24,3226,88.4,88.0,6,105,130,16.5,4200
127.78,nominal4,nominal11,nominal24,2151,88.4,88.0,4,105,130,18.5,5000
127.88,nominal4,nominal14,nominal24,3996,86.0,86.0,8,105,9999,15.5,3500
128.0,nominal4,nominal17,nominal24,3731,89.4,81.5,8,105,130,15.0,4500
128.25,nominal3,nominal10,nominal22,2996,84.0,87.0,6,105,130,14.5,5000
128.73,nominal4,nominal14,nominal22,3996,86.0,86.0,8,105,130,16.5,4000
128.78,nominal4,nominal17,nominal24,3731,89.4,81.5,8,105,130,12.5,5000
128.84,nominal3,nominal6,nominal23,2497,84.0,87.0,5,105,130,11.5,5000
128.95,nominal4,nominal18,nominal24,4664,89.4,81.5,10,105,130,17.0,3500
128.97,nominal4,nominal12,nominal24,2686,88.34,88.0,4,105,130,16.0,5000
129.03,nominal3,nominal7,nominal21,2996,84.0,87.0,6,105,130,10.5,5000
129.05,nominal3,nominal6,nominal23,2497,84.0,87.0,5,105,130,14.0,4500
129.49,nominal4,nominal14,nominal22,3996,86.0,86.0,8,105,130,11.5,5000
129.72,nominal4,nominal14,nominal22,3996,86.0,86.0,8,105,130,14.0,4500
129.94,nominal3,nominal7,nominal21,2996,84.0,87.0,6,105,130,12.0,4500
129.99,nominal4,nominal14,nominal24,3996,86.0,86.0,8,105,9999,10.5,4500
130.37,nominal4,nominal12,nominal24,2686,88.34,88.0,4,105,130,19.0,4500
130.4,nominal4,nominal16,nominal24,2798,89.4,81.5,6,105,130,17.5,5000
130.8,nominal4,nominal13,nominal24,3226,88.4,88.0,6,105,130,15.0,4500
130.86,nominal4,nominal14,nominal24,3996,86.0,86.0,8,105,9999,13.0,4000
131.0,nominal4,nominal18,nominal24,4664,89.4,81.5,10,105,130,14.5,4000
131.92,nominal4,nominal13,nominal24,3226,88.4,88.0,6,105,130,17.0,4200
131.93,nominal4,nominal18,nominal24,4664,89.4,81.5,10,105,130,12.0,4500
131.97,nominal4,nominal17,nominal24,3731,89.4,81.5,8,105,130,15.5,4500
132.02,nominal4,nominal18,nominal24,4664,89.4,81.5,10,105,130,9.5,5000
132.07,nominal3,nominal6,nominal21,2874,92.4,89.0,5,105,130,12.0,5000
132.23,nominal3,nominal10,nominal21,2996,84.0,87.0,6,105,130,12.0,5000
132.35,nominal3,nominal10,nominal22,2996,84.0,87.0,6,105,130,15.0,5000
132.55,nominal4,nominal11,nominal24,2151,88.4,88.0,4,105,130,19.0,5000
132.87,nominal4,nominal14,nominal22,3996,86.0,86.0,8,105,130,17.0,4000
132.88,nominal4,nominal18,nominal24,4664,89.4,81.5,10,105,130,17.5,3500
132.93,nominal4,nominal17,nominal24,3731,89.4,81.5,8,105,130,13.0,5000
132.95,nominal4,nominal12,nominal24,2686,88.34,88.0,4,105,130,16.5,5000
133.04,nominal3,nominal6,nominal23,2497,84.0,87.0,5,105,130,14.5,4500
133.11,nominal3,nominal6,nominal23,2497,84.0,87.0,5,105,130,12.0,5000
133.25,nominal4,nominal13,nominal24,3226,88.4,88.0,6,105,130,12.5,5000
133.43,nominal4,nominal6,nominal22,2874,92.4,89.0,5,105,130,16.5,5000
134.0,nominal4,nominal14,nominal24,3996,86.0,86.0,8,105,9999,19.5,3000
134.1,nominal4,nominal14,nominal22,3996,86.0,86.0,8,105,130,12.0,5000
134.11,nominal4,nominal16,nominal24,2798,89.4,81.5,6,105,130,18.0,5000
134.14,nominal4,nominal12,nominal24,2686,88.34,88.0,4,105,130,19.5,4500
134.16,nominal4,nominal14,nominal22,3996,86.0,86.0,8,105,130,14.5,4500
134.89,nominal3,nominal7,nominal21,2996,84.0,87.0,6,105,130,11.0,5000
135.31,nominal4,nominal13,nominal24,3226,88.4,88.0,6,105,130,15.5,4500
135.4,nominal4,nominal14,nominal24,3996,86.0,86.0,8,105,9999,11.0,4500
135.88,nominal4,nominal14,nominal24,3996,86.0,86.0,8,105,9999,13.5,4000
136.0,nominal4,nominal17,nominal24,3731,89.4,81.5,8,105,130,16.0,4500
136.22,nominal4,nominal13,nominal24,3226,88.4,88.0,6,105,130,17.5,4200
136.38,nominal4,nominal18,nominal24,4664,89.4,81.5,10,105,130,12.5,4500
136.56,nominal4,nominal18,nominal24,4664,89.4,81.5,10,105,130,10.0,5000
136.98,nominal4,nominal12,nominal24,2686,88.34,88.0,4,105,130,17.0,5000
137.0,nominal4,nominal14,nominal24,3996,86.0,86.0,8,105,9999,16.5,3500
137.07,nominal3,nominal6,nominal23,2497,84.0,87.0,5,105,130,15.0,4500
137.07,nominal4,nominal14,nominal22,3996,86.0,86.0,8,105,130,17.5,4000
137.15,nominal4,nominal17,nominal24,3731,89.4,81.5,8,105,130,13.5,5000
137.46,nominal3,nominal6,nominal23,2497,84.0,87.0,5,105,130,12.5,5000
137.97,nominal4,nominal12,nominal24,2686,88.34,88.0,4,105,130,20.0,4500
138.16,nominal4,nominal14,nominal24,3996,86.0,86.0,8,105,9999,20.0,3000
138.31,nominal4,nominal13,nominal24,3226,88.4,88.0,6,105,130,13.0,5000
138.66,nominal4,nominal14,nominal22,3996,86.0,86.0,8,105,130,15.0,4500
138.81,nominal4,nominal14,nominal22,3996,86.0,86.0,8,105,130,12.5,5000
139.56,nominal4,nominal18,nominal24,4664,89.4,81.5,10,105,130,15.5,4000
140.1,nominal4,nominal17,nominal24,3731,89.4,81.5,8,105,130,16.5,4500
140.59,nominal4,nominal13,nominal24,3226,88.4,88.0,6,105,130,18.0,4200
140.9,nominal3,nominal7,nominal21,2996,84.0,87.0,6,105,130,11.5,5000
140.93,nominal4,nominal18,nominal24,4664,89.4,81.5,10,105,130,13.0,4500
141.0,nominal4,nominal14,nominal24,3996,86.0,86.0,8,105,9999,11.5,4500
141.04,nominal4,nominal14,nominal24,3996,86.0,86.0,8,105,9999,14.0,4000
141.07,nominal4,nominal12,nominal24,2686,88.34,88.0,4,105,130,17.5,5000
141.24,nominal4,nominal18,nominal24,4664,89.4,81.5,10,105,130,10.5,5000
141.34,nominal4,nominal14,nominal22,3996,86.0,86.0,8,105,130,18.0,4000
141.45,nominal4,nominal17,nominal24,3731,89.4,81.5,8,105,130,14.0,5000
141.72,nominal4,nominal14,nominal24,3996,86.0,86.0,8,105,9999,17.0,3500
141.76,nominal4,nominal6,nominal22,2874,92.4,89.0,5,105,130,17.5,5000
141.84,nominal3,nominal6,nominal23,2497,84.0,87.0,5,105,130,13.0,5000
142.42,nominal4,nominal11,nominal24,2151,88.4,88.0,4,105,130,20.0,5000
143.26,nominal4,nominal14,nominal22,3996,86.0,86.0,8,105,130,15.5,4500
143.45,nominal4,nominal13,nominal24,3226,88.4,88.0,6,105,130,13.5,5000
143.93,nominal4,nominal18,nominal24,4664,89.4,81.5,10,105,130,16.0,4000
144.27,nominal4,nominal17,nominal24,3731,89.4,81.5,8,105,130,17.0,4500
144.58,nominal4,nominal13,nominal24,3226,88.4,88.0,6,105,130,16.5,4500
145.04,nominal4,nominal13,nominal24,3226,88.4,88.0,6,105,130,18.5,4200
145.57,nominal4,nominal18,nominal24,4664,89.4,81.5,10,105,130,13.5,4500
145.83,nominal4,nominal17,nominal24,3731,89.4,81.5,8,105,130,14.5,5000
146.01,nominal4,nominal18,nominal24,4664,89.4,81.5,10,105,130,11.0,5000
146.02,nominal4,nominal6,nominal22,2874,92.4,89.0,5,105,130,18.0,5000
146.29,nominal3,nominal6,nominal23,2497,84.0,87.0,5,105,130,13.5,5000
146.55,nominal4,nominal14,nominal24,3996,86.0,86.0,8,105,9999,17.5,3500
146.76,nominal4,nominal14,nominal24,3996,86.0,86.0,8,105,9999,12.0,4500
147.05,nominal3,nominal7,nominal21,2996,84.0,87.0,6,105,130,12.0,5000
148.51,nominal4,nominal14,nominal22,3996,86.0,86.0,8,105,130,13.5,5000
148.51,nominal4,nominal17,nominal24,3731,89.4,81.5,8,105,130,17.5,4500
148.68,nominal4,nominal13,nominal24,3226,88.4,88.0,6,105,130,14.0,5000
149.33,nominal4,nominal13,nominal24,3226,88.4,88.0,6,105,130,17.0,4500
149.39,nominal4,nominal12,nominal24,2686,88.34,88.0,4,105,130,18.5,5000
150.27,nominal4,nominal18,nominal24,4664,89.4,81.5,10,105,130,14.0,4500
150.87,nominal4,nominal18,nominal24,4664,89.4,81.5,10,105,130,11.5,5000
151.49,nominal4,nominal14,nominal24,3996,86.0,86.0,8,105,9999,18.0,3500
152.66,nominal4,nominal14,nominal22,3996,86.0,86.0,8,105,130,16.5,4500
152.71,nominal4,nominal14,nominal24,3996,86.0,86.0,8,105,9999,12.5,4500
152.83,nominal4,nominal17,nominal24,3731,89.4,81.5,8,105,130,18.0,4500
152.86,nominal4,nominal18,nominal24,4664,89.4,81.5,10,105,130,17.0,4000
153.63,nominal4,nominal12,nominal24,2686,88.34,88.0,4,105,130,19.0,5000
154.0,nominal4,nominal13,nominal24,3226,88.4,88.0,6,105,130,14.5,5000
154.16,nominal4,nominal13,nominal24,3226,88.4,88.0,6,105,130,17.5,4500
156.54,nominal4,nominal14,nominal24,3996,86.0,86.0,8,105,9999,18.5,3500
157.92,nominal4,nominal12,nominal24,2686,88.34,88.0,4,105,130,19.5,5000
158.82,nominal4,nominal13,nominal24,3226,88.4,88.0,6,105,130,20.0,4200
158.83,nominal4,nominal14,nominal24,3996,86.0,86.0,8,105,9999,13.0,4500
159.07,nominal4,nominal13,nominal24,3226,88.4,88.0,6,105,130,18.0,4500
159.4,nominal4,nominal13,nominal24,3226,88.4,88.0,6,105,130,15.0,5000
159.5,nominal4,nominal17,nominal24,3731,89.4,81.5,8,105,130,16.0,5000
159.94,nominal4,nominal18,nominal24,4664,89.4,81.5,10,105,130,15.0,4500
159.99,nominal3,nominal6,nominal23,2497,84.0,87.0,5,105,130,15.0,5000
162.09,nominal4,nominal18,nominal24,4664,89.4,81.5,10,105,130,18.0,4000
162.26,nominal4,nominal12,nominal24,2686,88.34,88.0,4,105,130,20.0,5000
162.38,nominal4,nominal14,nominal22,3996,86.0,86.0,8,105,130,17.5,4500
163.1,nominal4,nominal14,nominal24,3996,86.0,86.0,8,105,9999,16.0,4000
163.77,nominal4,nominal14,nominal22,3996,86.0,86.0,8,105,130,15.0,5000
164.07,nominal4,nominal13,nominal24,3226,88.4,88.0,6,105,130,18.5,4500
164.21,nominal4,nominal17,nominal24,3731,89.4,81.5,8,105,130,16.5,5000
164.89,nominal4,nominal13,nominal24,3226,88.4,88.0,6,105,130,15.5,5000
164.91,nominal4,nominal18,nominal24,4664,89.4,81.5,10,105,130,15.5,4500
166.11,nominal4,nominal18,nominal24,4664,89.4,81.5,10,105,130,13.0,5000
166.97,nominal4,nominal14,nominal24,3996,86.0,86.0,8,105,9999,19.5,3500
167.35,nominal4,nominal14,nominal22,3996,86.0,86.0,8,105,130,18.0,4500
168.96,nominal4,nominal14,nominal24,3996,86.0,86.0,8,105,9999,16.5,4000
169.02,nominal4,nominal17,nominal24,3731,89.4,81.5,8,105,130,17.0,5000
169.05,nominal4,nominal14,nominal22,3996,86.0,86.0,8,105,130,15.5,5000
169.14,nominal4,nominal13,nominal24,3226,88.4,88.0,6,105,130,19.0,4500
169.94,nominal4,nominal18,nominal24,4664,89.4,81.5,10,105,130,16.0,4500
170.46,nominal4,nominal13,nominal24,3226,88.4,88.0,6,105,130,16.0,5000
171.38,nominal4,nominal18,nominal24,4664,89.4,81.5,10,105,130,13.5,5000
171.59,nominal4,nominal14,nominal24,3996,86.0,86.0,8,105,9999,14.0,4500
174.29,nominal4,nominal13,nominal24,3226,88.4,88.0,6,105,130,19.5,4500
174.43,nominal4,nominal14,nominal22,3996,86.0,86.0,8,105,130,16.0,5000
175.07,nominal4,nominal18,nominal24,4664,89.4,81.5,10,105,130,16.5,4500
176.13,nominal4,nominal13,nominal24,3226,88.4,88.0,6,105,130,16.5,5000
176.75,nominal4,nominal18,nominal24,4664,89.4,81.5,10,105,130,14.0,5000
178.24,nominal4,nominal14,nominal24,3996,86.0,86.0,8,105,9999,14.5,4500
178.85,nominal4,nominal17,nominal24,3731,89.4,81.5,8,105,130,18.0,5000
179.51,nominal4,nominal13,nominal24,3226,88.4,88.0,6,105,130,20.0,4500
179.9,nominal4,nominal14,nominal22,3996,86.0,86.0,8,105,130,16.5,5000
180.28,nominal4,nominal18,nominal24,4664,89.4,81.5,10,105,130,17.0,4500
181.11,nominal4,nominal14,nominal24,3996,86.0,86.0,8,105,9999,17.5,4000
181.88,nominal4,nominal13,nominal24,3226,88.4,88.0,6,105,130,17.0,5000
185.07,nominal4,nominal14,nominal24,3996,86.0,86.0,8,105,9999,15.0,4500
185.47,nominal4,nominal14,nominal22,3996,86.0,86.0,8,105,130,17.0,5000
185.58,nominal4,nominal18,nominal24,4664,89.4,81.5,10,105,130,17.5,4500
187.4,nominal4,nominal14,nominal24,3996,86.0,86.0,8,105,9999,18.0,4000
187.71,nominal4,nominal13,nominal24,3226,88.4,88.0,6,105,130,17.5,5000
187.82,nominal4,nominal18,nominal24,4664,89.4,81.5,10,105,130,15.0,5000
190.97,nominal4,nominal18,nominal24,4664,89.4,81.5,10,105,130,18.0,4500
191.12,nominal4,nominal14,nominal22,3996,86.0,86.0,8,105,130,17.5,5000
192.07,nominal4,nominal14,nominal24,3996,86.0,86.0,8,105,9999,15.5,4500
193.52,nominal4,nominal18,nominal24,4664,89.4,81.5,10,105,130,15.5,5000
193.63,nominal4,nominal13,nominal24,3226,88.4,88.0,6,105,130,18.0,5000
193.83,nominal4,nominal14,nominal24,3996,86.0,86.0,8,105,9999,18.5,4000
196.87,nominal4,nominal14,nominal22,3996,86.0,86.0,8,105,130,18.0,5000
199.25,nominal4,nominal14,nominal24,3996,86.0,86.0,8,105,9999,16.0,4500
199.31,nominal4,nominal18,nominal24,4664,89.4,81.5,10,105,130,16.0,5000
199.64,nominal4,nominal13,nominal24,3226,88.4,88.0,6,105,130,18.5,5000
205.19,nominal4,nominal18,nominal24,4664,89.4,81.5,10,105,130,16.5,5000
205.74,nominal4,nominal13,nominal24,3226,88.4,88.0,6,105,130,19.0,5000
206.6,nominal4,nominal14,nominal24,3996,86.0,86.0,8,105,9999,16.5,4500
207.11,nominal4,nominal14,nominal24,3996,86.0,86.0,8,105,9999,19.5,4000
211.2,nominal4,nominal18,nominal24,4664,89.4,81.5,10,105,130,17.0,5000
211.92,nominal4,nominal13,nominal24,3226,88.4,88.0,6,105,130,19.5,5000
214.13,nominal4,nominal14,nominal24,3996,86.0,86.0,8,105,9999,17.0,4500
217.3,nominal4,nominal18,nominal24,4664,89.4,81.5,10,105,130,17.5,5000
218.19,nominal4,nominal13,nominal24,3226,88.4,88.0,6,105,130,20.0,5000
229.72,nominal4,nominal14,nominal24,3996,86.0,86.0,8,105,9999,18.0,4500
237.78,nominal4,nominal14,nominal24,3996,86.0,86.0,8,105,9999,18.5,4500
246.01,nominal4,nominal14,nominal24,3996,86.0,86.0,8,105,9999,19.0,4500
254.42,nominal4,nominal14,nominal24,3996,86.0,86.0,8,105,9999,19.5,4500
263.01,nominal4,nominal14,nominal24,3996,86.0,86.0,8,105,9999,20.0,4500
