HousValue,CRIM,ZN,INDUS,CHAS,NOX,RM,AGE,DIS,RAD,TAX,PTRATIO,B,LSTAT
50.0,1.834,0.0,19.58,1,0.605,7.802,98.2,2.041,5,403,14.7,389.609,1.92
37.9,0.091,0.0,2.46,0,0.488,7.155,92.2,2.701,3,193,17.8,394.119,4.82
31.0,0.825,20.0,3.97,0,0.647,7.327,94.5,2.079,5,264,13.0,393.42,11.25
12.5,5.872,0.0,18.1,0,0.693,6.405,96.0,1.677,24,666,20.2,396.898,19.37
41.7,0.575,0.0,6.2,0,0.507,8.337,73.3,3.838,8,307,17.4,385.908,2.47
24.0,0.33,0.0,6.2,0,0.507,6.086,61.5,3.652,8,307,17.4,376.75,10.88
18.2,0.043,80.0,1.91,0,0.413,5.663,21.9,10.586,4,334,22.0,382.799,8.05
23.7,0.128,30.0,4.93,0,0.428,6.393,7.8,7.035,6,300,16.6,374.709,5.19
25.0,2.924,0.0,19.58,0,0.605,6.101,93.0,2.283,5,403,14.7,240.159,9.81
15.0,19.609,0.0,18.1,0,0.671,7.313,97.9,1.316,24,666,20.2,396.898,13.44
14.6,2.369,0.0,19.58,0,0.871,4.926,95.7,1.461,5,403,14.7,391.709,29.53
20.1,0.14,0.0,8.56,0,0.52,6.167,90.0,2.421,5,384,20.9,392.689,12.33
19.4,0.264,0.0,8.56,0,0.52,6.229,91.2,2.545,5,384,20.9,391.229,15.55
22.6,4.261,0.0,18.1,0,0.77,6.112,81.3,2.509,24,666,20.2,390.738,12.67
21.0,1.002,0.0,8.14,0,0.538,6.674,87.3,4.239,4,307,21.0,380.229,11.98
22.3,0.046,52.5,5.32,0,0.405,6.315,45.6,7.317,6,293,16.6,396.898,7.6
23.8,0.168,0.0,7.38,0,0.493,6.426,52.3,4.54,5,287,19.6,396.898,7.2
20.3,0.141,0.0,13.92,0,0.437,5.79,58.0,6.32,4,289,16.0,396.898,15.84
20.6,0.107,80.0,1.91,0,0.413,5.936,19.5,10.586,4,334,22.0,376.039,5.57
10.5,22.051,0.0,18.1,0,0.74,5.818,92.4,1.866,24,666,20.2,391.449,22.11
24.7,0.175,0.0,5.96,0,0.499,5.966,30.2,3.847,5,279,19.2,393.43,10.13
25.0,0.198,0.0,10.59,0,0.489,6.182,42.4,3.945,4,277,18.6,393.629,9.47
24.8,0.044,70.0,2.24,0,0.4,6.871,47.4,7.828,5,358,14.8,390.859,6.07
25.2,0.162,20.0,6.96,0,0.464,6.24,16.3,4.429,3,223,18.6,396.898,6.59
13.6,0.106,0.0,27.74,0,0.609,5.983,98.8,1.868,4,711,20.1,390.109,18.07
8.3,24.802,0.0,18.1,0,0.693,5.349,96.0,1.703,24,666,20.2,396.898,19.77
23.1,0.182,0.0,7.38,0,0.493,6.376,54.3,4.54,5,287,19.6,396.898,6.87
22.9,0.062,40.0,1.25,0,0.429,6.49,44.4,8.792,1,335,19.7,396.898,5.98
18.2,0.638,0.0,8.14,0,0.538,6.096,84.5,4.462,4,307,21.0,380.02,10.26
19.3,0.145,0.0,10.01,0,0.547,5.731,65.2,2.759,6,432,17.8,391.5,13.61
30.5,0.069,45.0,3.44,0,0.437,6.739,30.8,6.48,5,398,15.2,389.709,4.69
7.2,18.085,0.0,18.1,0,0.679,6.434,100.0,1.835,24,666,20.2,27.25,29.05
13.3,9.823,0.0,18.1,0,0.671,6.794,98.8,1.358,24,666,20.2,396.898,21.24
50.0,8.267,0.0,18.1,1,0.668,5.875,89.6,1.13,24,666,20.2,347.879,8.88
23.3,1.425,0.0,19.58,0,0.871,6.51,100.0,1.766,5,403,14.7,364.309,7.39
10.8,12.802,0.0,18.1,0,0.74,5.854,96.6,1.896,24,666,20.2,240.52,23.79
21.7,0.082,0.0,13.92,0,0.437,6.009,42.3,5.503,4,289,16.0,396.898,10.4
18.6,0.229,0.0,8.56,0,0.52,6.405,85.4,2.715,5,384,20.9,70.8,10.63
16.2,0.254,0.0,9.9,0,0.544,5.705,77.7,3.945,4,304,18.4,396.42,11.5
22.1,0.79,0.0,9.9,0,0.544,6.122,52.8,2.64,4,304,18.4,396.898,5.98
24.3,0.537,0.0,6.2,0,0.504,5.981,68.1,3.671,8,307,17.4,378.35,11.65
50.0,2.01,0.0,19.58,0,0.605,7.929,96.2,2.046,5,403,14.7,369.299,3.7
19.4,0.22,0.0,6.91,0,0.448,5.602,62.0,6.088,3,233,17.9,396.898,16.2
32.7,0.013,35.0,1.52,0,0.442,7.241,49.3,7.038,1,284,15.5,394.738,5.49
25.3,0.141,0.0,6.91,0,0.448,6.169,6.6,5.721,3,233,17.9,383.369,5.81
14.4,0.254,0.0,6.91,0,0.448,5.399,95.3,5.87,3,233,17.9,396.898,30.81
35.4,0.013,90.0,1.22,0,0.403,7.249,21.9,8.697,5,226,17.9,395.93,4.81
17.1,0.352,0.0,21.89,0,0.624,6.454,98.4,1.85,4,437,21.2,394.078,14.59
44.0,0.015,90.0,3.75,0,0.394,7.454,34.2,6.336,3,244,15.9,386.34,3.11
28.0,0.041,25.0,4.86,0,0.426,6.727,33.5,5.401,4,281,19.0,396.898,5.29
50.0,9.232,0.0,18.1,0,0.631,6.216,100.0,1.169,24,666,20.2,366.148,9.53
19.3,0.066,0.0,3.24,0,0.46,5.868,25.8,5.215,4,430,16.9,382.439,9.97
32.0,0.096,40.0,6.41,0,0.447,6.854,42.8,4.267,4,254,17.6,396.898,2.98
24.1,0.034,82.5,2.03,0,0.415,6.162,38.4,6.27,2,348,14.7,393.77,7.43
18.8,0.098,0.0,25.65,0,0.581,5.879,95.8,2.006,2,188,19.1,379.379,17.58
24.7,0.159,0.0,6.91,0,0.448,6.211,6.5,5.721,3,233,17.9,394.459,7.44
29.6,0.06,0.0,2.46,0,0.488,6.153,68.8,3.28,3,193,17.8,387.109,13.15
25.1,0.521,0.0,6.2,1,0.507,6.631,76.5,4.148,8,307,17.4,388.449,9.54
15.6,0.976,0.0,21.89,0,0.624,5.757,98.4,2.346,4,437,21.2,262.76,17.31
14.1,4.752,0.0,18.1,0,0.713,6.525,86.5,2.436,24,666,20.2,50.92,18.13
14.1,9.329,0.0,18.1,0,0.713,6.185,98.7,2.262,24,666,20.2,396.898,18.13
36.1,0.055,33.0,2.18,0,0.472,7.236,41.1,4.022,7,222,18.4,393.68,6.93
15.6,4.097,0.0,19.58,0,0.871,5.468,100.0,1.412,5,403,14.7,396.898,26.42
17.8,8.983,0.0,18.1,1,0.77,6.212,97.4,2.122,24,666,20.2,377.729,17.6
36.4,0.087,45.0,3.44,0,0.437,7.178,26.3,6.48,5,398,15.2,390.488,2.87
10.2,12.247,0.0,18.1,0,0.584,5.837,59.7,1.998,24,666,20.2,24.65,15.69
10.2,14.334,0.0,18.1,0,0.7,4.88,100.0,1.589,24,666,20.2,372.92,30.62
48.5,0.035,95.0,2.68,0,0.416,7.853,33.2,5.118,4,224,14.7,392.779,3.81
16.5,0.025,0.0,1.89,0,0.518,6.54,59.7,6.267,1,422,15.9,389.959,8.65
16.6,0.672,0.0,8.14,0,0.538,5.813,90.3,4.682,4,307,21.0,376.879,14.81
20.0,0.102,0.0,12.83,0,0.437,6.279,74.5,4.052,5,398,18.7,373.658,11.97
21.7,0.159,0.0,10.81,0,0.413,5.961,17.5,5.287,4,305,19.2,376.939,9.88
23.0,0.303,0.0,7.38,0,0.493,6.312,28.9,5.416,5,287,19.6,396.898,6.15
21.6,0.027,0.0,7.07,0,0.469,6.421,78.9,4.967,2,242,17.8,396.898,9.14
27.5,4.556,0.0,18.1,0,0.718,3.561,87.9,1.613,24,666,20.2,354.699,7.12
23.1,13.522,0.0,18.1,0,0.631,3.863,100.0,1.511,24,666,20.2,131.42,13.33
17.6,0.206,22.0,5.86,0,0.431,5.593,76.5,7.955,7,330,19.1,372.488,12.5
21.5,1.657,0.0,19.58,0,0.871,6.122,97.3,1.618,5,403,14.7,372.799,14.1
33.0,0.02,17.5,1.38,0,0.416,7.104,59.5,9.223,3,216,18.6,393.238,8.05
20.2,0.803,0.0,8.14,0,0.538,5.456,36.6,3.796,4,307,21.0,288.988,11.69
20.0,0.188,0.0,6.91,0,0.448,5.786,33.3,5.1,3,233,17.9,396.898,14.15
19.2,0.151,0.0,10.01,0,0.547,6.021,82.6,2.747,6,432,17.8,394.51,10.3
11.8,2.78,0.0,19.58,0,0.871,4.903,97.8,1.346,5,403,14.7,396.898,29.29
15.6,2.155,0.0,19.58,0,0.871,5.628,100.0,1.517,5,403,14.7,169.27,16.65
19.3,0.376,0.0,10.59,1,0.489,5.404,88.6,3.665,4,277,18.6,395.238,23.98
22.8,0.101,0.0,10.01,0,0.547,6.715,81.6,2.677,6,432,17.8,395.59,10.16
31.5,0.512,0.0,6.2,0,0.507,7.358,71.6,4.148,8,307,17.4,390.068,4.73
48.8,0.52,20.0,3.97,0,0.647,8.398,91.5,2.288,5,264,13.0,386.859,5.91
13.9,15.288,0.0,18.1,0,0.671,6.649,93.3,1.345,24,666,20.2,363.02,23.24
30.1,0.017,90.0,2.02,0,0.41,6.728,36.1,12.126,5,187,17.0,384.459,4.5
12.7,1.131,0.0,8.14,0,0.538,5.713,94.1,4.233,4,307,21.0,360.17,22.6
18.1,0.558,0.0,21.89,0,0.624,6.335,98.2,2.111,4,437,21.2,394.67,16.96
21.2,0.123,0.0,6.91,0,0.448,6.069,40.0,5.721,3,233,17.9,389.389,9.55
20.1,0.02,80.0,1.76,0,0.385,6.23,31.5,9.089,1,241,18.2,341.6,12.93
19.2,0.34,0.0,21.89,0,0.624,6.458,98.9,2.118,4,437,21.2,395.039,12.6
19.8,0.045,0.0,3.24,0,0.46,6.144,32.2,5.874,4,430,16.9,368.568,9.09
21.0,0.475,0.0,9.9,0,0.544,6.113,58.8,4.002,4,304,18.4,396.229,12.73
23.1,1.054,0.0,8.14,0,0.538,5.935,29.3,4.499,4,307,21.0,386.85,6.58
13.5,1.613,0.0,8.14,0,0.538,6.096,96.9,3.76,4,307,21.0,248.31,20.34
10.9,15.874,0.0,18.1,0,0.671,6.545,99.1,1.519,24,666,20.2,396.898,21.08
22.2,0.051,0.0,5.19,0,0.515,6.316,38.1,6.458,5,224,20.2,389.709,5.68
18.8,0.123,0.0,10.01,0,0.547,5.913,92.9,2.353,6,432,17.8,394.949,16.21
20.1,0.106,30.0,4.93,0,0.428,6.095,65.1,6.336,6,300,16.6,394.619,12.4
31.1,0.022,60.0,2.93,0,0.401,6.8,9.9,6.22,1,265,15.6,393.369,5.03
17.1,0.05,35.0,6.06,0,0.438,5.706,28.4,6.641,1,304,16.9,394.02,12.43
33.2,0.105,40.0,6.41,1,0.447,7.267,49.0,4.787,4,254,17.6,389.25,6.05
27.1,0.145,12.5,7.87,0,0.524,6.172,96.1,5.95,5,311,15.2,396.898,19.15
14.8,0.956,0.0,8.14,0,0.538,6.047,88.8,4.453,4,307,21.0,306.379,17.28
15.2,1.232,0.0,8.14,0,0.538,6.142,91.7,3.977,4,307,21.0,396.898,18.72
14.2,7.023,0.0,18.1,0,0.718,6.006,95.3,1.875,24,666,20.2,319.979,15.7
9.7,11.578,0.0,18.1,0,0.7,5.036,97.0,1.77,24,666,20.2,396.898,25.68
43.1,0.534,20.0,3.97,0,0.647,7.52,89.4,2.14,5,264,13.0,388.369,7.26
19.3,0.171,0.0,6.91,0,0.448,5.682,33.8,5.1,3,233,17.9,396.898,10.21
37.0,0.091,45.0,3.44,0,0.437,6.951,21.5,6.48,5,398,15.2,377.68,5.1
37.3,0.079,80.0,4.95,0,0.411,7.148,27.7,5.117,4,245,19.2,396.898,3.56
11.3,9.187,0.0,18.1,0,0.7,5.536,100.0,1.58,24,666,20.2,396.898,23.6
19.5,0.171,0.0,8.56,0,0.52,5.836,91.9,2.211,5,384,20.9,395.67,18.66
19.4,2.149,0.0,19.58,0,0.871,5.709,98.5,1.623,5,403,14.7,261.949,15.79
26.4,0.083,0.0,2.46,0,0.488,5.604,89.8,2.988,3,193,17.8,391.0,13.98
10.4,88.976,0.0,18.1,0,0.671,6.968,91.9,1.416,24,666,20.2,396.898,17.21
22.0,0.035,34.0,6.09,0,0.433,6.59,40.4,5.492,7,329,16.1,395.75,9.5
21.9,3.697,0.0,18.1,0,0.718,4.963,91.4,1.752,24,666,20.2,316.029,14.0
12.0,15.023,0.0,18.1,0,0.614,5.304,97.3,2.101,24,666,20.2,349.479,24.91
31.5,0.442,0.0,6.2,0,0.504,6.552,21.4,3.375,8,307,17.4,380.34,3.76
24.5,0.164,22.0,5.86,0,0.431,6.433,49.1,7.826,7,330,19.1,374.709,9.52
16.2,0.259,0.0,21.89,0,0.624,5.693,96.0,1.788,4,437,21.2,392.109,17.19
17.8,0.545,0.0,21.89,0,0.624,6.151,97.9,1.669,4,437,21.2,396.898,18.46
19.5,0.034,0.0,5.19,0,0.515,5.869,46.3,5.231,5,224,20.2,396.898,9.8
16.1,2.635,0.0,9.9,0,0.544,4.973,37.8,2.519,4,304,18.4,350.449,12.64
30.3,0.047,80.0,1.52,0,0.404,7.107,36.6,7.309,2,329,12.6,354.309,8.61
12.7,13.36,0.0,18.1,0,0.693,5.887,94.7,1.782,24,666,20.2,396.898,16.35
13.1,1.152,0.0,8.14,0,0.538,5.701,95.0,3.787,4,307,21.0,358.77,18.35
22.5,0.065,70.0,2.24,0,0.4,6.345,20.1,7.828,5,358,14.8,368.238,4.97
19.7,0.089,21.0,5.64,0,0.439,5.963,45.7,6.815,4,243,16.8,395.559,13.45
41.3,1.224,0.0,19.58,0,0.605,6.943,97.4,1.877,5,403,14.7,363.43,4.59
11.9,20.716,0.0,18.1,0,0.659,4.138,100.0,1.178,24,666,20.2,370.219,23.34
18.7,0.062,0.0,5.19,0,0.515,5.968,58.5,4.812,5,224,20.2,396.898,9.29
23.7,0.29,0.0,10.59,0,0.489,5.412,9.8,3.587,4,277,18.6,348.93,29.55
15.3,1.127,0.0,19.58,1,0.871,5.012,88.0,1.61,5,403,14.7,343.279,12.12
33.8,0.54,20.0,3.97,0,0.647,7.203,81.8,2.112,5,264,13.0,392.799,9.59
8.8,73.534,0.0,18.1,0,0.679,5.957,100.0,1.803,24,666,20.2,16.45,20.62
21.4,0.095,0.0,12.83,0,0.437,6.286,45.0,4.503,5,398,18.7,383.229,8.94
21.7,0.174,0.0,10.59,1,0.489,5.96,92.1,3.877,4,277,18.6,393.25,17.27
18.5,0.284,0.0,7.38,0,0.493,5.708,74.3,4.721,5,287,19.6,391.129,11.74
26.5,0.114,0.0,8.56,0,0.52,6.781,71.3,2.856,5,384,20.9,395.578,7.67
24.0,0.006,18.0,2.31,0,0.538,6.575,65.2,4.09,1,296,15.3,396.898,4.98
13.2,1.388,0.0,8.14,0,0.538,5.95,82.0,3.99,4,307,21.0,232.6,27.71
21.9,0.048,80.0,3.64,0,0.392,6.108,32.0,9.22,1,315,16.4,392.889,6.57
34.7,0.027,0.0,7.07,0,0.469,7.185,61.1,4.967,2,242,17.8,392.828,4.03
13.3,0.25,0.0,21.89,0,0.624,5.857,98.2,1.669,4,437,21.2,392.039,21.32
17.2,0.062,0.0,4.39,0,0.442,5.898,52.3,8.014,3,352,18.8,364.609,12.67
21.2,0.132,0.0,10.01,0,0.547,6.176,72.5,2.73,6,432,17.8,393.299,12.04
18.5,0.191,22.0,5.86,0,0.431,5.605,70.2,7.955,7,330,19.1,389.129,18.46
20.8,0.087,0.0,12.83,0,0.437,6.14,45.8,4.09,5,398,18.7,386.959,10.27
19.6,0.852,0.0,8.14,0,0.538,5.965,89.2,4.012,4,307,21.0,392.529,13.83
50.0,6.539,0.0,18.1,1,0.631,7.016,97.5,1.202,24,666,20.2,392.049,2.96
14.4,1.629,0.0,21.89,0,0.624,5.019,100.0,1.439,4,437,21.2,396.898,34.41
13.4,3.321,0.0,19.58,1,0.871,5.403,100.0,1.322,5,403,14.7,396.898,26.82
27.5,0.149,0.0,8.56,0,0.52,6.727,79.9,2.778,5,384,20.9,394.76,9.42
44.8,0.315,0.0,6.2,0,0.504,8.266,78.3,2.894,8,307,17.4,385.049,4.14
22.0,0.113,30.0,4.93,0,0.428,6.897,54.3,6.336,6,300,16.6,391.25,11.38
18.7,0.222,0.0,10.01,0,0.547,6.092,95.4,2.548,6,432,17.8,396.898,17.09
22.8,0.493,0.0,9.9,0,0.544,6.635,82.5,3.317,4,304,18.4,396.898,4.54
19.9,0.627,0.0,8.14,0,0.538,5.834,56.5,4.499,4,307,21.0,395.619,8.47
34.9,0.084,45.0,3.44,0,0.437,7.185,38.9,4.567,5,398,15.2,396.898,5.39
20.6,0.043,28.0,15.04,0,0.464,6.249,77.3,3.615,4,270,18.2,396.898,10.59
19.4,0.262,0.0,9.9,0,0.544,6.023,90.4,2.834,4,304,18.4,396.299,11.72
10.2,17.867,0.0,18.1,0,0.671,6.223,100.0,1.386,24,666,20.2,393.738,21.78
22.9,0.036,25.0,4.86,0,0.426,6.167,46.7,5.401,4,281,19.0,390.639,7.51
25.0,4.542,0.0,18.1,0,0.77,6.398,88.0,2.518,24,666,20.2,374.559,7.79
9.6,14.421,0.0,18.1,0,0.74,6.461,93.3,2.003,24,666,20.2,27.49,18.05
20.0,0.097,0.0,5.96,0,0.499,5.841,61.4,3.378,5,279,19.2,377.559,11.41
26.4,0.093,34.0,6.09,0,0.433,6.495,18.4,5.492,7,329,16.1,383.609,8.67
50.0,1.463,0.0,19.58,0,0.605,7.489,90.8,1.971,5,403,14.7,374.43,1.73
18.9,0.117,12.5,7.87,0,0.524,6.009,82.9,6.227,5,311,15.2,396.898,13.27
10.5,24.394,0.0,18.1,0,0.7,4.652,100.0,1.467,24,666,20.2,396.898,28.28
22.9,0.088,12.5,7.87,0,0.524,6.012,66.6,5.56,5,311,15.2,395.6,12.43
21.5,0.111,0.0,13.89,1,0.55,5.951,93.8,2.889,5,276,16.4,396.898,17.92
17.8,0.318,0.0,9.9,0,0.544,5.914,83.2,3.999,4,304,18.4,390.699,18.33
24.8,0.214,22.0,5.86,0,0.431,6.438,8.9,7.397,7,330,19.1,377.068,3.59
23.5,0.036,80.0,3.37,0,0.398,6.29,17.8,6.611,4,337,16.1,396.898,4.67
34.9,0.031,95.0,1.47,0,0.403,6.975,15.3,7.653,3,402,17.0,396.898,4.56
18.7,0.149,25.0,5.13,0,0.453,5.741,66.2,7.225,8,284,19.7,395.109,13.15
14.3,5.581,0.0,18.1,0,0.713,6.436,87.9,2.316,24,666,20.2,100.19,16.22
24.3,0.34,22.0,5.86,0,0.431,6.108,34.9,8.055,7,330,19.1,390.18,9.16
20.4,0.63,0.0,8.14,0,0.538,5.949,61.8,4.707,4,307,21.0,396.898,8.26
23.1,0.019,85.0,4.15,0,0.429,6.516,27.7,8.535,4,351,17.9,392.43,6.36
13.8,8.645,0.0,18.1,0,0.693,6.193,92.6,1.791,24,666,20.2,396.898,15.17
22.7,2.242,0.0,19.58,0,0.605,5.854,91.8,2.422,5,403,14.7,395.109,11.64
27.0,1.273,0.0,19.58,1,0.605,6.25,92.6,1.798,5,403,14.7,338.92,5.5
13.6,1.252,0.0,8.14,0,0.538,5.57,98.1,3.798,4,307,21.0,376.568,21.02
23.2,0.07,0.0,4.05,0,0.51,6.02,47.2,3.555,5,296,16.6,393.229,10.11
23.1,0.139,0.0,4.05,0,0.51,5.572,88.5,2.596,5,296,16.6,396.898,14.69
21.9,3.474,0.0,18.1,1,0.718,8.78,82.9,1.905,24,666,20.2,354.549,5.29
36.2,0.069,0.0,2.18,0,0.458,7.147,54.2,6.062,3,222,18.7,396.898,5.33
29.1,0.08,40.0,6.41,0,0.447,6.482,32.1,4.14,4,254,17.6,396.898,7.19
28.7,0.07,0.0,13.89,0,0.55,6.642,85.1,3.421,5,276,16.4,392.779,9.69
24.8,0.037,25.0,4.86,0,0.426,6.302,32.2,5.401,4,281,19.0,396.898,6.72
23.0,0.114,0.0,13.89,1,0.55,6.373,92.4,3.363,5,276,16.4,393.738,10.5
20.6,0.045,0.0,11.93,0,0.573,6.12,76.7,2.287,1,273,21.0,396.898,9.08
20.6,0.045,0.0,11.93,0,0.573,6.12,76.7,2.287,1,273,21.0,396.898,9.08
20.6,0.045,0.0,11.93,0,0.573,6.12,76.7,2.287,1,273,21.0,396.898,9.08
20.6,0.045,0.0,11.93,0,0.573,6.12,76.7,2.287,1,273,21.0,396.898,9.08
23.136901710915044,0.1585446481047462,0.0,11.93,0,0.573,6.809666294905385,90.66991437292039,2.601964028298302,1,273,21.0,395.7975894341745,7.034393081948065
22.121849858895377,0.1466925151992236,0.0,11.93,0,0.573,6.816706864674569,89.33421326603926,2.4729745471708116,1,273,21.0,393.56555032016337,6.697614691186071
22.0,0.11,0.0,11.93,0,0.573,6.794,89.3,2.389,1,273,21.0,393.449,6.48
22.91194405487784,0.15594254718778036,0.0,11.93,0,0.573,6.944395221894178,90.42289215243211,2.5747871416624246,1,273,21.0,395.1091264055982,6.705452382565298
23.9,0.061,0.0,11.93,0,0.573,6.976,91.0,2.167,1,273,21.0,396.898,5.64
23.9,0.061,0.0,11.93,0,0.573,6.976,91.0,2.167,1,273,21.0,396.898,5.64
23.9,0.061,0.0,11.93,0,0.573,6.976,91.0,2.167,1,273,21.0,396.898,5.64
23.9,0.061,0.0,11.93,0,0.573,6.976,91.0,2.167,1,273,21.0,396.898,5.64
14.6,10.233,0.0,18.1,0,0.614,6.185,96.7,2.17,24,666,20.2,379.699,18.03
14.6,10.233,0.0,18.1,0,0.614,6.185,96.7,2.17,24,666,20.2,379.699,18.03
14.590179592328264,10.22681079831079,0.0,17.98543507878476,0,0.6146089061918576,6.187558377576096,96.53909032358517,2.161195034320796,24,666,20.199401703405435,379.8664058208649,18.079688369346982
14.745173434020877,10.113259180201318,0.0,18.118481258697145,0,0.6150234191342037,6.177680667526781,96.57414624486232,2.196950552045589,24,666,20.200202329082988,378.07032359818635,18.07317053811821
14.921391478927314,6.270843886489856,0.0,18.0914842058882,0,0.7372275561927991,6.338828019497539,96.5955735020944,2.0988744871008405,23,666,20.200008166673193,317.805324881532,17.87396824132843
15.513112366053955,8.430098454843698,0.0,18.1,0,0.7428272270234901,6.346886576616635,97.39070290959751,2.174524477933434,24,666,20.2,318.7062935616418,19.58692766867077
14.971727947169928,6.320632271780861,0.0,18.089162224440006,0,0.7402344649878456,6.343964721131974,97.23783405254949,2.0647810246315763,24,666,20.20137038293315,317.86894765279516,17.862699781036078
15.61844901368121,9.359052922637384,0.0,18.1,0,0.7459048588722373,6.375778281392177,97.39821958593892,2.2568991663494855,24,666,20.2,318.2188564773462,20.284493574528625
14.972674645402192,7.701796488070522,0.0,18.127651059137328,0,0.7146884980611903,6.308190139044001,83.8069757480776,2.80264153075049,23,666,20.2004070508381,272.14237983577806,16.196452181476687
14.809840376359723,7.778463626295159,0.0,18.100587357276684,0,0.713360365335167,6.296574490065643,83.17188156173272,2.798428421362434,23,665,20.200318911598362,271.6008589905201,16.08889802439582
15.972342797683021,10.910092675406782,0.0,18.1,0,0.8104255184088001,6.376614257655103,83.80131104219312,3.257567525384127,24,666,20.2,274.35139138453326,17.314671569816372
15.049835770901309,7.7721855142722545,0.0,18.052858245903714,0,0.7129085179787797,6.307601892865898,83.50301556509804,2.7638474974436202,23,665,20.199077481378986,272.4992106521468,16.36562112651234
15.1,6.962,0.0,18.1,0,0.7,5.713,97.0,1.926,24,666,20.2,394.43,17.11
15.243984046144567,6.960473121761209,0.0,18.201679041043974,0,0.6988243961203144,5.714422731392703,97.02128418030448,1.9276875333403485,23,666,20.199570266157068,394.42355119781837,17.18688429485831
15.157865460806526,7.042227280808012,0.0,18.03864863366634,0,0.7019098573850794,5.712736360768985,97.26627685329932,1.9293953397651589,24,665,20.199909239402455,394.46430918021684,17.155937890649636
15.337140091874367,7.04761834873752,0.0,18.0911977763096,0,0.6986059411105813,5.717159435259321,96.82508614609962,1.908436018655396,24,666,20.200301722688675,394.54340491118177,16.999666430920723
15.121589916185963,0.21521639561115696,0.0,27.719195698105132,0,0.608207006342221,5.451621879554768,92.99505198880999,1.827219879399645,3,711,20.100227019115856,394.9025877640987,17.999650438588883
15.2,0.151,0.0,27.74,0,0.609,5.454,92.7,1.821,4,711,20.1,395.09,18.06
15.189259981681099,0.08136723938473267,0.0,27.798882209668566,0,0.6098343189108871,5.449057637056356,92.98331097324021,1.83395169413068,3,710,20.100787495634105,396.22602730674816,18.026545258217
15.2,0.151,0.0,27.74,0,0.609,5.454,92.7,1.821,4,711,20.1,395.09,18.06
15.154500349121976,5.4261868672195614,0.0,18.19961436478839,0,0.7134234033722002,6.643839628548594,98.05506176356859,2.3650350059635836,24,666,20.20014272904036,355.2250325064189,17.853012169342325
15.167634287753259,5.417797724563318,0.0,18.092047516937427,0,0.712979910330529,6.652683895892427,98.29494208335745,2.3501463628647348,24,666,20.198793361955595,353.9828158269375,17.76315677091075
15.272392062518186,5.419899342750579,0.0,18.15128348624951,0,0.7125723010637947,6.652663620911187,98.14641108062723,2.349516547367374,23,666,20.199679333424914,354.66184215461544,17.70112414535254
15.2,5.441,0.0,18.1,0,0.713,6.655,98.2,2.355,24,666,20.2,355.289,17.73
15.532396255717405,9.975756824392281,0.0,18.118122189644268,0,0.7382281507022539,6.474949666929979,100.12643260451811,1.988583962979929,23,665,20.20015364075828,386.38312011418765,18.984913934129782
15.43498048210769,9.917186104846644,0.0,18.138865443486957,0,0.7391997463531172,6.481499967865742,100.19854333139415,1.9792758941920185,23,666,20.20052962924214,385.63546492974007,18.915624147092537
15.412831158209576,10.041608460159297,0.0,18.121773177784323,0,0.7413549525362871,6.474097250742684,100.03810264617854,1.9811179799693783,23,665,20.199195883035102,387.30308241715215,18.866120760811686
15.480733245904174,10.049775277776014,0.0,18.09762921997465,0,0.7400555999302197,6.491072650736326,99.92859422654237,1.9859418544916632,23,666,20.200312533780785,386.80827844970116,18.785701240644997
16.144357286834676,5.132627827982626,0.0,18.16273544510257,0,0.7144503976317508,6.309216342284226,91.47866726924047,2.381380996563713,23,666,20.199394142543877,384.5803857179414,17.36997052379765
15.933184679487669,5.084242681630669,0.0,18.131495390788032,0,0.7131105488655876,6.2853735558842985,91.45352762368815,2.3634599446174116,24,665,20.19986731831942,385.7375329254119,17.329154434270894
16.025498909774026,5.102895733740617,0.0,18.0239723462863,0,0.7152137435156178,6.307379015980546,91.76538049729933,2.3918271295947817,23,665,20.19971365108823,385.7447364637476,17.272519890291107
16.1,5.09,0.0,18.1,0,0.713,6.297,91.8,2.368,24,666,20.2,385.09,17.27
16.611084923474404,4.938970283367389,0.0,18.1974192981851,0,0.6144979271384334,6.488257000915581,93.88948106216947,2.311381509178075,23,665,20.201231441740163,394.79143032480414,18.597278064713894
16.853774176059883,4.906831090062638,0.0,18.03976270676106,0,0.6151212363827692,6.474508553614075,93.76354675003971,2.3197688432408197,23,666,20.200356022583602,396.47262305533224,18.653487217945266
16.761688022989617,4.828257169302965,0.0,18.11590350719677,0,0.6155060193555998,6.4716965733786855,93.89771483941107,2.294933672377665,23,665,20.19915853659231,396.05997815679143,18.77087864236769
16.853018789638,4.974018581727543,0.0,18.10208032399723,0,0.6152785227309309,6.4855826718307075,93.6673008141352,2.2991999186248853,23,665,20.19998543743149,395.86241486997625,18.7762032111966
16.84695394891324,11.089078303755027,0.0,18.131185111719752,0,0.7183653462275484,6.402654182729696,100.1199208205975,1.853608981235729,23,666,20.20010170677803,319.20746031458367,15.103880465915687
16.676511438337812,11.11137377778915,0.0,18.13373925048696,0,0.7184656983908073,6.403587512518123,100.1395070604636,1.8451669322094546,24,665,20.200138104993297,317.63470828772915,15.1182625374715
16.58713352869929,11.16335852031069,0.0,18.138922787925345,0,0.7191551776373909,6.39844164805722,99.27724757650637,1.8459951822340215,23,666,20.199936327390894,319.926681657999,15.106255103613242
16.726743648690913,11.07741398444043,0.0,18.08858565107014,0,0.7163308599899257,6.41748523074539,99.87314294516284,1.858080219760769,23,666,20.19974784937131,318.70504636956707,14.97513062329939
17.2,7.404,0.0,18.1,0,0.597,5.617,97.9,1.455,24,666,20.2,314.639,26.4
17.116885450463318,7.316759752027662,0.0,18.05074910926269,0,0.5967896391913778,5.628927461682322,97.88870384225058,1.4346040416016286,24,665,20.198859647218523,314.8389918981443,26.34136895358186
17.190759852469483,7.299493655405954,0.0,18.052563997299117,0,0.595849390598465,5.632126412449772,98.33211965489843,1.4722839137382246,23,665,20.199601888558213,314.5454486653277,26.38005460413518
17.270490973310405,7.341074790756908,0.0,18.00830655859866,0,0.5967898040987908,5.621595633567778,97.66260938481585,1.4625023695193995,23,666,20.20000412319931,314.9758216856452,26.402682252679416
17.65477574146341,3.673495590973137,0.0,18.127664818341213,0,0.7133985790715094,6.3731975834560615,88.25389219764624,2.570023539781262,23,665,20.200306194484778,390.9931764557409,14.56408669594835
17.649996886798398,3.6174876901527777,0.0,18.12451890941532,0,0.7144166035211111,6.370297971613956,88.74867481844657,2.5710401604669366,24,666,20.19872171684725,391.20322035911107,14.73239485534539
17.693241457064403,3.6801573502527134,0.0,18.096548186490036,0,0.710744008174203,6.377225917169208,88.31509753124426,2.584562869980301,23,666,20.200878298625494,391.7640009901219,14.583087022218463
17.598069947334743,3.582037940616866,0.0,18.167206010514136,0,0.7098440954863993,6.362189696156364,88.64102114260012,2.5740449824102893,24,665,20.199381967482037,390.62308031360556,14.771941688500222
17.85070237918526,8.140683998931305,0.0,18.173060541350992,0,0.7132424174741249,7.385141372441116,99.24735483333723,2.4470547068901185,24,666,20.199194894056962,375.2925913515679,16.835079066401264
17.762153024660773,8.273689279699198,0.0,18.071790181180013,0,0.7144318434751045,7.389255672693981,99.52778797595529,2.4608191640016113,23,665,20.199920806177154,374.261506431937,16.815389003484636
17.72157094286428,8.301354469931928,0.0,18.098855658649022,0,0.7126138422378631,7.403941399209002,99.50901210903697,2.4300620937774613,24,666,20.200610676166466,375.8332349149916,16.687230104757063
17.845855181977083,8.098205927922637,0.0,18.125011736207483,0,0.7153698802753303,7.378723180370812,99.3076797094729,2.44750853690564,23,665,20.20017688011177,375.54915966582513,16.708513221248232
19.1,4.422,0.0,18.1,0,0.584,6.003,94.5,2.54,24,666,20.2,331.289,21.32
19.047382106283976,4.342159228628548,0.0,18.13293139653436,0,0.5859858546549402,6.005411641262617,94.44097099625588,2.518724332223204,23,666,20.199755083629814,331.75239447367437,21.38209224410319
19.123236654162117,4.472925593088548,0.0,18.14870905933165,0,0.5853948648256531,5.995617567646165,94.16993177374917,2.5417515799317507,24,666,20.20077422703517,332.2789188856381,21.1982009584345
18.964009200527165,4.442961418326376,0.0,18.032231811314517,0,0.5799725014209974,6.0058891957085105,94.44905486232851,2.553283273414492,23,665,20.200199665696495,331.6636809434673,21.362698397817635
19.065972499629765,5.756201869759751,0.0,18.070686095448288,0,0.5844317301280217,6.126192507612598,79.92764574755107,3.539516691413059,24,665,20.200169571768075,393.1645021879757,15.064812239528921
19.066431795864407,5.689278582350254,0.0,18.124138968373057,0,0.584189153311366,6.117323739090012,79.85113446854723,3.5807965346502013,23,666,20.20006219479548,392.8333079435313,14.850511911059879
19.02664168158599,5.666235847517483,0.0,18.099278071362072,0,0.5829859952146991,6.115995182924963,79.12665987227362,3.5590659348323843,23,665,20.2003885443971,393.73063998105323,15.057014869940414
19.009558206858163,5.675521826887769,0.0,18.163859746934133,0,0.5822498337717819,6.129332075028628,80.22245258610921,3.5451458456396034,24,666,20.200389995138362,393.0285795666098,15.011430732522618
19.181042185996365,15.660252026885903,0.0,18.11265385157407,0,0.578167743434995,5.929726390487465,70.77496509776716,2.9217978693176616,23,666,20.200454778153397,369.81446626916136,18.026218000732953
19.198851047335886,15.587999572832707,0.0,18.074776348316696,0,0.5801624983258724,5.920684683566668,71.1248856858053,2.913385971535174,24,665,20.200449944363523,368.261817662725,18.270994467431084
19.131336386267773,15.543645783724319,0.0,18.194346371134603,0,0.5783593695288909,5.9268574016275695,70.5141412848311,2.89109692782914,23,666,20.199439720724296,368.672081982876,17.998941661866922
19.1,15.576,0.0,18.1,0,0.58,5.926,71.0,2.908,24,666,20.2,368.738,18.13
19.5,6.655,0.0,18.1,0,0.713,6.317,83.0,2.734,24,666,20.2,396.898,13.99
19.485053876595714,6.608504491412002,0.0,18.14389820906636,0,0.7139998228067731,6.318446461847147,82.53449222656856,2.7206969279961926,24,665,20.200983539261248,397.5098758146842,14.013971125006933
19.64367556847914,6.585262440216883,0.0,18.067276341582662,0,0.7106931204735555,6.3162777559534655,82.94375334834572,2.724312443274664,23,665,20.199843244593865,396.74216801141625,13.954336635978034
19.5,6.655,0.0,18.1,0,0.713,6.317,83.0,2.734,24,666,20.2,396.898,13.99
19.6,4.038,0.0,18.1,0,0.532,6.229,90.7,3.099,24,666,20.2,395.328,12.87
19.50292051704681,4.026842436371112,0.0,18.106272755987767,0,0.5313778046418524,6.235054540826235,90.60981004487599,3.0988516181876857,24,666,20.199779785907793,395.9589349183813,12.890027659036003
19.53299585739069,3.967003330839082,0.0,18.11269464173808,0,0.5296816637451996,6.209151792242504,90.35360811409251,3.0975591186966827,24,665,20.199810861703067,395.667981922807,12.803639121007528
19.739483979348407,4.057929846651913,0.0,18.119308368376185,0,0.5319632962010064,6.23262217865863,90.6321819232515,3.086444349240285,23,665,20.19960865238381,395.5568873615674,12.900659082871556
19.929440537122012,3.1327818789276902,0.0,18.058044452256553,0,0.6552413570638741,5.759532133977721,48.10206386634291,3.0663394245915936,24,665,20.20010144212673,334.5064919974261,14.091492849751726
20.068845539060458,3.18901581457512,0.0,18.044847994734,0,0.6541179298137166,5.770557099648205,48.863436972268694,3.061120258304619,24,665,20.20018885270861,333.75254676683267,14.000359467454343
19.860198896528612,3.171804534369082,0.0,18.075661439604602,0,0.6551308130520367,5.7477372002451235,47.595551832705674,3.0372210767740344,23,665,20.20053119047323,335.14935165974276,14.183884935336305
19.975888271187927,3.0804625347150814,0.0,18.1250749124316,0,0.6538682910463492,5.758838108346968,48.71086816261702,3.078191178028319,23,666,20.199766965613478,333.9287087903455,14.198182659685061
19.958112910870852,6.730023200666421,0.0,18.1,0,0.6187042481540355,6.205502295638247,84.29275228050253,3.276282152640716,24,666,20.2,396.898,16.33385473337207
19.847793798254127,4.399178832860929,0.0,18.146787734536076,0,0.5794350259249785,6.15402866846942,84.04925131846538,3.046679859410882,23,665,20.19999592734763,396.18512089158094,16.36382231895383
19.953144357954233,6.776046680312005,0.0,18.1,0,0.6031061774576173,6.2178884810022454,84.169861372358,3.075028370822233,24,666,20.2,396.898,16.854041839994885
19.869543226052542,4.205639351254278,0.0,18.205909026941743,0,0.5793066210122291,6.176531229982259,84.17113711485106,3.030494882504117,23,665,20.200323462362817,396.16469374236635,16.255348818930024
20.0,6.801,0.0,18.1,0,0.713,6.081,84.4,2.717,24,666,20.2,396.898,14.7
20.022305239870246,6.781035990166035,0.0,18.136014258104932,0,0.7127306048908425,6.076846591001804,84.4145494113823,2.7197733507225323,24,666,20.200297802112484,395.99280936272703,14.641467722618103
19.930316961138143,6.811357503215266,0.0,18.1,0,0.713,6.29584929987318,84.54846201962911,2.732337009467948,24,666,20.2,396.898,14.812872102133934
19.925438291583315,6.821480887034615,0.0,18.07951521773484,0,0.7131391974670446,6.08127620827344,84.50981141355258,2.7293918729296065,24,665,20.199180117900973,398.07069122208065,14.70684710395439
20.069388717137336,0.03118619008480819,0.0,27.77420300138889,0,0.6094004396018918,5.969168769940309,83.62741612078219,2.1154612148466714,3,710,20.10013340979665,396.8849732684338,13.307760351141695
18.526662980009,0.12916619025911566,0.0,27.74,0,0.609,6.291351150489749,85.03964757119229,2.114394573480984,4,711,20.1,397.2131478487311,16.8263979640215
20.08574604729004,0.06539894321093301,0.0,27.772639591293675,0,0.6085652960226068,5.984940520857894,83.45696869233005,2.1116929056242397,4,710,20.100288065510597,397.236669190505,13.322634105831632
20.078891341755412,0.047930829509396256,0.0,27.800727288686492,0,0.6085782147032801,5.978753762234981,83.60133029644561,2.127821047377678,4,711,20.09949676158548,395.643575084586,13.521699105505531
20.288040383132348,5.832504459136077,0.0,18.124910508327652,0,0.7119500921235391,6.5233399950977216,90.18441925046966,2.80853304696264,24,665,20.199841127009687,393.47084471492536,10.378034809345728
20.2,5.821,0.0,18.1,0,0.713,6.513,89.9,2.802,24,666,20.2,393.818,10.29
20.342289859463573,5.834694437203961,0.0,18.01459252619784,0,0.7108114243564623,6.498001323694852,89.98831396078577,2.7938006264695026,24,666,20.200560561230258,394.0964873653704,10.326102618870303
20.097297744409815,5.802391962000201,0.0,18.108662816917448,0,0.7102116977586425,6.51014409221599,89.23021517154287,2.8014766301891787,24,666,20.19999358710413,394.15117823227524,10.203284488822165
20.601704569445285,2.4168473723961275,0.0,18.029239420014022,0,0.5822993560256677,5.868161706810559,42.192581676676795,3.7290002133819726,24,665,20.200008979822588,370.7689273320331,13.289896870120435
20.586815530036056,2.41998171662089,0.0,18.126392391792844,0,0.5832751984292202,5.868770383355097,41.949746271385344,3.731619426193384,24,665,20.198868335739416,369.7787295743967,13.418626519439828
20.578479435024725,2.4627226028667555,0.0,18.054249840382234,0,0.5826325963198703,5.863524485112568,41.51013817308338,3.7111523770055883,23,665,20.20031592011815,370.3328805932972,13.365623994312397
20.644779059855715,2.372737610374349,0.0,18.127256009311466,0,0.582849387260047,5.86988933195712,41.467015505070236,3.730033042094016,23,665,20.20003008041356,370.5719845063575,13.3593208049234
20.740303396371623,4.83246601789185,0.0,18.167216374023212,0,0.5843315830234697,5.89793292334973,53.02786947406086,3.137217923779037,23,666,20.198807542212414,388.33372577274616,11.429538439598169
20.798214940552427,4.724865080822431,0.0,18.06136301020662,0,0.5818569815582296,5.899542099421476,53.6668516635151,3.1520924024506893,24,666,20.199307486974195,387.7259445007612,11.498312639507231
20.666603734290863,4.818515858107878,0.0,18.06841337974919,0,0.5814550346552784,5.904123545699665,53.29477736591625,3.1526334657807804,23,666,20.199807987524196,388.38653864687547,11.514982040818042
20.636493227627057,4.840693594135356,0.0,18.146419243341068,0,0.5857942993030685,5.8957256505596,52.76020750478942,3.1609265383961582,24,666,20.19959693137724,388.30405939520347,11.397461569350716
20.857416647036978,11.939700022022409,0.0,18.16959446417923,0,0.6121659274020963,5.652176447399888,87.85050318166822,1.9586781689394461,23,665,20.19984489334352,290.6065967026518,14.191952544485021
20.8,12.048,0.0,18.1,0,0.614,5.648,87.6,1.951,24,666,20.2,291.549,14.1
20.811938618922493,12.100422880960204,0.0,18.061010750005945,0,0.615395427221561,5.644825021174171,87.9886483815932,1.9551904547636292,23,665,20.200832630888936,291.4808869595362,14.269257703688229
20.8,12.048,0.0,18.1,0,0.614,5.648,87.6,1.951,24,666,20.2,291.549,14.1
21.31925884744315,7.862523823196751,0.0,18.149347836074593,0,0.6545203787358242,6.2103306567418555,65.00474398420765,2.9767393499383648,24,666,20.199680501694537,396.40285229515524,13.137301249862478
21.871118070122563,9.833728514323843,0.0,18.1,0,0.6877356817577467,6.240205331027933,65.9376889425096,3.2366643683217005,24,666,20.2,396.898,13.554124877943842
21.4,7.839,0.0,18.1,0,0.655,6.209,65.4,2.963,24,666,20.2,396.898,13.22
21.395545035847583,7.8628593713330375,0.0,18.09051957977152,0,0.6532833266915388,6.211472618528037,65.39741399076252,2.9590183674082375,23,666,20.200105266701733,396.33337135188873,13.351101723443643
22.933179341467383,5.904017191465686,0.0,18.130907342889618,0,0.5294231750060652,6.248066028760827,64.50504742975612,3.437991282354431,24,665,20.201334233006072,395.94056721716726,10.71014244851578
23.039990273348298,5.816238767657803,0.0,18.02217509757081,0,0.5325878744234849,6.234541834011683,64.37570764907937,3.41553789916928,23,666,20.19946286347754,397.3945217946009,10.782808485652053
22.95381278025343,5.847404471301122,0.0,18.074630037583454,0,0.5316127977202953,6.248960142528177,64.80097129002799,3.4243161363290793,23,666,20.200478350349954,397.32132924948877,10.743094192206431
22.95937661535162,5.746889191097752,0.0,18.103885946044876,0,0.5346374679867841,6.248064985776076,64.37706610683567,3.4392766374423505,23,666,20.199999295280506,397.08382161891603,10.620355945925178
23.215015109664677,5.379929885376329,0.0,18.160181726059076,0,0.7013547380909364,6.055165574997182,82.58473099389747,2.15508493906278,24,666,20.200478955762353,378.9798052912077,18.799069120421084
23.3371226980091,5.264056255079727,0.0,18.057957295491505,0,0.6983964285348087,6.041744385931671,82.52732884046054,2.1681787262386014,23,665,20.199734064191798,378.3620048855227,18.675674532266378
23.11374051556595,5.219960279527434,0.0,18.08845969415945,0,0.7002434888196275,6.055985513712715,82.22536597771027,2.1848114003725265,23,665,20.199949619241487,377.7056900371499,18.641385045958025
23.142181656731346,5.371855882071947,0.0,18.058754125727543,0,0.6991577564954068,6.036088745765693,82.11543566322607,2.1742487841823035,23,666,20.200868263272667,378.66777524850164,18.72787833850169
23.52574901277775,5.780518529427798,0.0,18.085044927076986,0,0.532200339848756,6.751680534547305,74.82268178370272,3.329740533501482,24,665,20.19954188403813,392.3294539289712,7.711838172964199
24.529848072535835,5.716497103144287,0.0,18.1,0,0.532,6.91087997592362,76.08379956315427,3.36951062328717,24,666,20.2,395.2302164472095,8.072265835008
23.72123345681409,5.740173451908999,0.0,18.132069200056687,0,0.5327876735593946,6.746920008864966,74.91004208431669,3.3303277341262687,23,665,20.198907009331265,393.1584958788184,7.698638654555102
24.3037155467568,5.7186485012879515,0.0,18.1,0,0.532,7.000593667275564,76.32827973763219,3.3935478308696365,24,666,20.2,393.87952467292513,8.316101469105321
25.07524745095581,5.690590579070532,0.0,18.09997168822112,0,0.5291306833056378,7.063516472817947,76.61480318007646,3.4432212364939825,24,666,20.20049762608084,394.5519456148564,6.99195343862622
25.033082491076645,5.746703916428552,0.0,18.020949719769977,0,0.5352031260168839,7.05669537204508,77.21752811690229,3.410947808326325,24,665,20.200231269946602,396.41033037908784,6.935823206966743
24.89400885253544,5.669117854278925,0.0,18.166944666311988,0,0.5318389794098768,7.064409900920416,76.40877907607789,3.391418817440192,24,666,20.198981823879826,394.73232120029235,6.9403664317859075
25.06579995031964,5.741106902503029,0.0,18.11369160653546,0,0.5307875712402076,7.0568397087756995,76.22306114548131,3.3952209293846285,24,665,20.199140542293694,395.0935828274985,7.117873628430011
27.811992000170335,11.814205696161732,0.0,18.135790485200708,0,0.6573568749174626,5.606684782321256,99.86287221739704,1.2968492243552936,23,665,20.200144608819294,332.20453257244225,12.195473585161432
27.811062301080376,11.88883653328308,0.0,18.104842432928322,0,0.6585014769973622,5.611478108889754,99.9150353943288,1.2823205011965397,23,666,20.199792142189654,332.76195260217634,12.178531908339574
27.9,11.951,0.0,18.1,0,0.659,5.608,100.0,1.285,24,666,20.2,332.09,12.13
27.92577282639429,12.054109841835672,0.0,18.04817726490259,0,0.6601284169028129,5.596984895374176,100.25365327952639,1.273710942284164,23,665,20.199239779655244,332.8926547283145,12.001041619539478
29.744375573967066,4.544858055334721,0.0,18.2043028520259,0,0.612514717828065,6.9660245015776665,67.1615178309577,2.549446774698509,24,665,20.20000773159322,375.4126949817599,11.611302814442997
29.872216720573796,4.618005143097573,0.0,18.104532871674962,0,0.6151964507666964,6.972379415563744,67.11080942770835,2.5253035263555597,23,665,20.200459184891677,374.0984008045912,11.562790514949203
29.7966268074706,4.688316584920048,0.0,18.138589025918158,0,0.6142066527549844,6.979501239423288,67.6774436108644,2.5281827658314984,24,665,20.19946454957064,373.86589943793456,11.723975487341503
29.68760019381992,4.522856670344484,0.0,18.063202288296075,0,0.6160480036514896,6.9743363919668075,67.1255902163502,2.518866639879708,23,666,20.200348555997063,374.995243898713,11.562838262605988
14.5,8.492,0.0,18.1,0,0.584,6.348,86.1,2.053,24,666,20.2,83.45,17.64
15.110561773273488,9.293866868032552,0.0,18.1,0,0.584,6.349436730611371,97.16702773496647,2.155638947441127,24,666,20.2,93.11565666346831,18.1662810911671
14.550464381757184,8.114003871856639,0.0,18.1,0,0.5850744636188902,6.370251810669627,86.38218702570991,2.0348369496576724,24,666,20.2,83.36932331421706,17.343231255745057
14.5,8.492,0.0,18.1,0,0.584,6.348,86.1,2.053,24,666,20.2,83.45,17.64
14.892313084023481,9.339550096978876,0.0,18.1,0,0.7121815319867401,6.736782909833601,93.8966194557614,2.501706553876657,24,666,20.2,5.3747725074486885,18.695678705357967
14.9,9.514,0.0,18.1,0,0.713,6.728,94.1,2.496,24,666,20.2,6.68,18.71
14.905023630297405,9.66923840868427,0.0,18.1,0,0.7167133548670966,6.7492118293527605,94.0473896453002,2.4854168574550988,24,666,20.2,6.724999870108174,18.793098509183363
14.832359670893355,9.707179288649534,0.0,18.1,0,0.7121214066976235,6.749203460438786,94.10929325869621,2.499359870120935,24,666,20.2,7.183900959164077,18.900768249882066
14.947421574426128,51.30383231056625,0.0,18.1,0,0.5970307353163009,5.7710719550001555,100.33864468420633,1.399559370113625,24,666,20.2,2.7234309987468124,9.716502626150254
15.139284981217175,50.947625451540034,0.0,18.1,0,0.5965486773398321,5.7555056076176365,100.17934391162758,1.4181851735021924,24,666,20.2,1.0270192085913894,10.203562844573351
14.950328741362672,51.127764169376825,0.0,18.1,0,0.5969640578787789,5.732647517030618,100.22324900715752,1.408386236400035,24,666,20.2,1.2399905851806234,10.05907711817234
15.16222087341387,51.500120901249765,0.0,18.1,0,0.5964281568873341,5.784164517568022,99.89387778302775,1.4072106648652345,24,666,20.2,1.2086411154596066,10.17180064928746
16.1618856177412,6.28776801585263,0.0,18.1,0,0.5825654221252083,6.404038704665546,74.88276436576162,2.200609308805126,24,666,20.2,98.14976638543413,12.085498756987208
15.708654264414621,7.281768165650528,0.0,18.1,0,0.584,6.429524758092196,80.03339276598551,2.3043611085946965,24,666,20.2,101.04915519053446,13.034292186790353
16.081073050371185,6.704027875366391,0.0,18.1,0,0.5842843029229035,6.443901960234076,74.89165856352217,2.218792851134285,24,666,20.2,95.16140697958761,12.17457616831665
16.169660205807556,6.264167849341842,0.0,18.1,0,0.5823940851074945,6.442242184806419,74.66219723068885,2.2190870217954344,24,666,20.2,99.25521264719528,12.04882565414525
16.34315724200471,28.47287574365909,0.0,18.1,0,0.5972325335273075,5.158741956612804,100.19247855082399,1.5745935556466397,24,666,20.2,208.87748854619136,20.398875099412297
18.103947824728433,35.99166881872612,0.0,18.1,0,0.597,5.308657362284273,100.0,1.5982696790382873,24,666,20.2,213.44689627106575,20.37211608248196
16.312668206918183,28.99767967849718,0.0,18.1,0,0.5969028232245056,5.14577169218269,99.85477115597261,1.593677782129503,24,666,20.2,211.80457200802826,20.17250376076168
16.33625118255541,28.75632095572832,0.0,18.1,0,0.5982403845085437,5.1433811629173745,100.42951242603183,1.6095747793480428,24,666,20.2,210.4799476794286,19.862693128588408
17.164529335561895,14.343272397256717,0.0,18.1,0,0.5962942700400108,6.669616439107618,99.81112671642981,1.544400474674083,24,666,20.2,33.48284231014459,21.071100372005077
17.28503255296805,13.743605707909145,0.0,18.1,0,0.5969134519321975,6.660801033581264,99.63153306936492,1.5352473407867173,24,666,20.2,34.82814219980331,21.351777024445525
17.2,14.051,0.0,18.1,0,0.597,6.657,100.0,1.527,24,666,20.2,35.05,21.22
17.2,14.051,0.0,18.1,0,0.597,6.657,100.0,1.527,24,666,20.2,35.05,21.22
17.994994226765115,18.819753326006687,0.0,18.1,0,0.5963427480496964,4.626989398375841,100.10793952272037,1.5487004440068128,24,666,20.2,28.524729361817418,34.34867574166063
17.955476784843924,18.721828504944323,0.0,18.1,0,0.5967524173653538,4.622182993228437,99.75685152160767,1.5468635044691643,24,666,20.2,28.1524476929994,34.466720462124755
18.113077419891773,18.991821610401146,0.0,18.1,0,0.5961051738952383,4.6282500246435765,100.09241844426285,1.5592479302506788,24,666,20.2,25.99613206061584,34.30385717607486
17.874070412862196,18.77280224853821,0.0,18.1,0,0.5963523932613366,4.609991653750675,100.01863887131107,1.5500607438797027,24,666,20.2,31.17934298342607,34.38388406717255
18.904394950902617,3.5495483655897586,0.0,18.1,0,0.6546873886954456,5.969251283987337,84.84690309160369,2.872348057259791,24,666,20.2,20.81053097788187,16.990538705802344
18.96448395109751,4.048841739711692,0.0,18.1,0,0.6549531470242053,5.963703915924976,84.66870243493518,2.874170509575446,24,666,20.2,20.464604438209605,17.249109024501504
19.0,3.775,0.0,18.1,0,0.655,5.952,84.7,2.871,24,666,20.2,22.01,17.15
19.0,3.775,0.0,18.1,0,0.655,5.952,84.7,2.871,24,666,20.2,22.01,17.15
27.40076626647947,13.96209396916034,0.0,18.1,0,0.5967934046991195,6.829761051057132,100.00265995381935,1.4681022132538317,24,666,20.2,177.4109097114326,19.89322702827111
27.5,14.438,0.0,18.1,0,0.597,6.852,100.0,1.465,24,666,20.2,179.359,19.78
27.43911249804683,14.567696726294932,0.0,18.1,0,0.5958139615179692,6.861241849417395,99.97802036090113,1.4653817781378522,24,666,20.2,176.27328320904329,19.751099510934733
27.5,14.438,0.0,18.1,0,0.597,6.852,100.0,1.465,24,666,20.2,179.359,19.78
18.352488751512226,0.2682699579106198,0.0,9.69,0,0.585,5.788204369267016,70.28458618676842,2.8879369511245883,6,391,19.2,396.898,14.191077618852646
18.964280025976,0.2685788829408546,0.0,9.69,0,0.585,6.0367471987605965,71.81666557654354,2.9819942209999875,6,391,19.2,396.898,17.422936348787445
18.196490787484848,0.26797893962802655,0.0,9.69,0,0.585,5.792255893047071,70.85085170184298,2.87880835229017,6,391,19.2,396.898,14.135946120486526
19.317187535916798,0.28676534137133025,0.0,9.69,0,0.585,5.834225523331688,71.46104935455608,2.952555633194416,6,391,19.2,396.898,19.65948673379272
19.256848258658728,0.2961897342220919,0.0,9.69,0,0.585,5.470074485053805,73.90514273083272,2.885207067923456,6,391,19.2,396.898,27.414094583382507
19.272942330417933,0.30303475610121977,0.0,9.69,0,0.585,5.6916952903432865,73.90583557220423,2.8442714564687437,6,391,19.2,396.898,26.806584437999657
19.810809463620252,0.2899999733750149,0.0,9.69,0,0.585,5.391797216796952,72.92949416427274,2.7996919659456747,6,391,19.2,396.898,21.09584167443446
19.50053813608496,0.3119296224763845,0.0,9.69,0,0.585,5.643085015584999,74.10681332004663,2.878101081021973,6,391,19.2,396.898,21.81537464551739
24.475069803834998,0.28002224024945765,0.0,9.69,0,0.585,5.927098457750015,42.14546308761178,2.3834674551287978,6,391,19.2,396.898,13.629046406176553
24.5,0.28,0.0,9.69,0,0.585,5.926,42.6,2.382,6,391,19.2,396.898,13.59
24.5,0.28,0.0,9.69,0,0.585,5.926,42.6,2.382,6,391,19.2,396.898,13.59
24.472698163941452,0.27974508629421396,0.0,9.69,0,0.585,5.924685215974369,42.640899297268234,2.3896835263024525,6,391,19.2,396.898,13.492410837683902
